sample_id,compression_family,compression_profile,origin_dimension,search_dimension,reconstruction_available,metric_vector_source,reconstruction_mse,angular_error_rad,cosine_to_origin,origin_fallback_used,extraction_uid,dataset_id,model_uid,origin_embedding_artifact_uid,query_identity_id,is_mated,top_k,origin_top1_gallery_id,compressed_top1_gallery_id,origin_top1_identity_id,compressed_top1_identity_id,origin_top1_score,compressed_top1_score,compressed_score_at_origin_top1,origin_score_at_compressed_top1,top1_score_drift,origin_winner_score_drift,agreement_with_origin,top_k_identity_agreement,top_k_identity_jaccard,origin_rank1_correct,compressed_rank1_correct,origin_top_k_correct,compressed_top_k_correct,decision_threshold,origin_decision_threshold,compressed_decision_threshold,origin_accepted,compressed_accepted,threshold_crossing,threshold_crossing_direction,origin_decision_correct,compressed_decision_correct,origin_top_k_gallery_ids,compressed_top_k_gallery_ids,origin_top_k_identity_ids,compressed_top_k_identity_ids,origin_top_k_scores,compressed_top_k_scores,retrieval_metrics_available,identity_id,template_scope_id,saliency_target_name,template_member_count,saliency_target_eligible,saliency_target_status,identity_template_cosine,checkpoint_sha256,preprocess_hash,raw_embedding_norm,saliency_spec_uid,target_layer,region_mask_uid,heatmap_available,heatmap_index,quadrant_top_left,quadrant_top_right,quadrant_bottom_left,quadrant_bottom_right,saliency_center_x,saliency_center_y,saliency_spread,left_right_asymmetry,saliency_entropy,saliency_mass,saliency_valid,left_eye_attention,right_eye_attention,nose_attention,mouth_attention,left_cheek_attention,right_cheek_attention,jaw_attention,outside_face_attention,face_mask_available,semantic_region_mask_count,maximum_region_concentration,gradcam_target_score,gradcam_gradient_l2,gradcam_cam_mass,gradcam_valid_heatmap,pass_a_pass_b_embedding_cosine,pass_a_pass_b_target_score_abs_diff,faithfulness_occlusion_fraction,high_saliency_occlusion_score_drop,low_saliency_occlusion_score_drop,random_occlusion_score_drop,random_occlusion_score_drop_std,faithfulness_gain_over_low_saliency,faithfulness_gain_over_random
lfw:Aaron_Pena:Aaron_Pena_0001,origin,origin_512,512,512,True,reconstruction,0.0,0.0,1.0,False,population-c1b696495d2787e584b4639d,lfw,arcface-7972a704552df378345f,origin-embedding-f6075b200c4a4c725fdee462,lfw:Aaron_Pena,True,1,lfw:Aaron_Pena:Aaron_Pena_0001,lfw:Aaron_Pena:Aaron_Pena_0001,lfw:Aaron_Pena,lfw:Aaron_Pena,1.000000238418579,1.000000238418579,1.0000000464091627,1.0000000464091627,0.0,-1.9200941636654534e-07,True,True,1.0,True,True,True,True,,,,,,,,,,['lfw:Aaron_Pena:Aaron_Pena_0001'],['lfw:Aaron_Pena:Aaron_Pena_0001'],['lfw:Aaron_Pena'],['lfw:Aaron_Pena'],[1.00000024],[1.00000024],True,lfw:Aaron_Pena,calibration:49f688f0589b173e,origin_leave_one_out_identity_cosine,0,False,singleton_identity,,a566a62357f0c55b679d9ff2f022a294486568be0c00665d39029d0e46a8109b,3976664d86e41199f7fd522aa9c1d70decf380ca8b2da9b6d2ee84d6dc4c03a9,24.174129486083984,saliency-36a49e9f24f8da2b969ac5ca,layer4.2.conv2,none,False,-1,,,,,,,,,,,,,,,,,,,,,,,,,,,,,,,,,,,
lfw:Abdullatif_Sener:Abdullatif_Sener_0001,origin,origin_512,512,512,True,reconstruction,0.0,0.0003791858291190693,0.9999999281090544,False,population-c1b696495d2787e584b4639d,lfw,arcface-7972a704552df378345f,origin-embedding-f6075b200c4a4c725fdee462,lfw:Abdullatif_Sener,True,1,lfw:Abdullatif_Sener:Abdullatif_Sener_0001,lfw:Abdullatif_Sener:Abdullatif_Sener_0001,lfw:Abdullatif_Sener,lfw:Abdullatif_Sener,0.9999998807907104,0.9999998807907104,0.9999999281090544,0.9999999281090544,0.0,4.7318343909807936e-08,True,True,1.0,True,True,True,True,,,,,,,,,,['lfw:Abdullatif_Sener:Abdullatif_Sener_0001'],['lfw:Abdullatif_Sener:Abdullatif_Sener_0001'],['lfw:Abdullatif_Sener'],['lfw:Abdullatif_Sener'],[0.99999988],[0.99999988],True,lfw:Abdullatif_Sener,calibration:49f688f0589b173e,origin_leave_one_out_identity_cosine,1,True,eligible,0.7090914845466614,a566a62357f0c55b679d9ff2f022a294486568be0c00665d39029d0e46a8109b,3976664d86e41199f7fd522aa9c1d70decf380ca8b2da9b6d2ee84d6dc4c03a9,22.460548400878906,saliency-36a49e9f24f8da2b969ac5ca,layer4.2.conv2,none,True,0,0.3459356565896317,0.16435831245160482,0.23933949646341574,0.25036653449534774,0.49551358791897354,0.5253286903428316,0.3952834413482514,0.30195859836379596,0.8487789667905143,12.878453060984612,True,,,,,,,,,False,0.0,0.3459356565896317,0.7090916633605957,0.8807510137557983,0.0070089418441057205,True,0.9999999403953552,1.7881393432617188e-07,0.1,0.1962648630142212,0.10308623313903809,0.07809066772460938,0.029639354152660353,0.0931786298751831,0.11817419528961182
lfw:Abdullatif_Sener:Abdullatif_Sener_0002,origin,origin_512,512,512,True,reconstruction,0.0,0.0,1.0,False,population-c1b696495d2787e584b4639d,lfw,arcface-7972a704552df378345f,origin-embedding-f6075b200c4a4c725fdee462,lfw:Abdullatif_Sener,True,1,lfw:Abdullatif_Sener:Abdullatif_Sener_0002,lfw:Abdullatif_Sener:Abdullatif_Sener_0002,lfw:Abdullatif_Sener,lfw:Abdullatif_Sener,1.0000001192092896,1.0000001192092896,1.0000001148193332,1.0000001148193332,0.0,-4.3899563983984535e-09,True,True,1.0,True,True,True,True,,,,,,,,,,['lfw:Abdullatif_Sener:Abdullatif_Sener_0002'],['lfw:Abdullatif_Sener:Abdullatif_Sener_0002'],['lfw:Abdullatif_Sener'],['lfw:Abdullatif_Sener'],[1.00000012],[1.00000012],True,lfw:Abdullatif_Sener,calibration:49f688f0589b173e,origin_leave_one_out_identity_cosine,1,True,eligible,0.7090914845466614,a566a62357f0c55b679d9ff2f022a294486568be0c00665d39029d0e46a8109b,3976664d86e41199f7fd522aa9c1d70decf380ca8b2da9b6d2ee84d6dc4c03a9,22.876129150390625,saliency-36a49e9f24f8da2b969ac5ca,layer4.2.conv2,none,True,1,0.0,0.0,1.0,0.0,0.0,0.6666666666666666,0.0,1.0,-0.0,1.0,True,,,,,,,,,False,0.0,1.0,0.7090914845466614,0.8517019748687744,1.3357979696593247e-05,True,1.0,0.0,0.1,0.022793292999267578,0.01625913381576538,0.022996842861175537,0.0178793890694998,0.006534159183502197,-0.00020354986190795898
lfw:Adam_Kennedy:Adam_Kennedy_0001,origin,origin_512,512,512,True,reconstruction,0.0,0.0,1.0,False,population-c1b696495d2787e584b4639d,lfw,arcface-7972a704552df378345f,origin-embedding-f6075b200c4a4c725fdee462,lfw:Adam_Kennedy,True,1,lfw:Adam_Kennedy:Adam_Kennedy_0001,lfw:Adam_Kennedy:Adam_Kennedy_0001,lfw:Adam_Kennedy,lfw:Adam_Kennedy,1.0,1.0,1.0000000228218644,1.0000000228218644,0.0,2.2821864398281377e-08,True,True,1.0,True,True,True,True,,,,,,,,,,['lfw:Adam_Kennedy:Adam_Kennedy_0001'],['lfw:Adam_Kennedy:Adam_Kennedy_0001'],['lfw:Adam_Kennedy'],['lfw:Adam_Kennedy'],[1.],[1.],True,lfw:Adam_Kennedy,calibration:49f688f0589b173e,origin_leave_one_out_identity_cosine,0,False,singleton_identity,,a566a62357f0c55b679d9ff2f022a294486568be0c00665d39029d0e46a8109b,3976664d86e41199f7fd522aa9c1d70decf380ca8b2da9b6d2ee84d6dc4c03a9,25.72028160095215,saliency-36a49e9f24f8da2b969ac5ca,layer4.2.conv2,none,False,-1,,,,,,,,,,,,,,,,,,,,,,,,,,,,,,,,,,,
lfw:Adoor_Gopalakarishnan:Adoor_Gopalakarishnan_0001,origin,origin_512,512,512,True,reconstruction,0.0,0.0,1.0,False,population-c1b696495d2787e584b4639d,lfw,arcface-7972a704552df378345f,origin-embedding-f6075b200c4a4c725fdee462,lfw:Adoor_Gopalakarishnan,True,1,lfw:Adoor_Gopalakarishnan:Adoor_Gopalakarishnan_0001,lfw:Adoor_Gopalakarishnan:Adoor_Gopalakarishnan_0001,lfw:Adoor_Gopalakarishnan,lfw:Adoor_Gopalakarishnan,1.000000238418579,1.000000238418579,1.0000001044520612,1.0000001044520612,0.0,-1.3396651787900282e-07,True,True,1.0,True,True,True,True,,,,,,,,,,['lfw:Adoor_Gopalakarishnan:Adoor_Gopalakarishnan_0001'],['lfw:Adoor_Gopalakarishnan:Adoor_Gopalakarishnan_0001'],['lfw:Adoor_Gopalakarishnan'],['lfw:Adoor_Gopalakarishnan'],[1.00000024],[1.00000024],True,lfw:Adoor_Gopalakarishnan,calibration:49f688f0589b173e,origin_leave_one_out_identity_cosine,0,False,singleton_identity,,a566a62357f0c55b679d9ff2f022a294486568be0c00665d39029d0e46a8109b,3976664d86e41199f7fd522aa9c1d70decf380ca8b2da9b6d2ee84d6dc4c03a9,22.24359893798828,saliency-36a49e9f24f8da2b969ac5ca,layer4.2.conv2,none,False,-1,,,,,,,,,,,,,,,,,,,,,,,,,,,,,,,,,,,
lfw:Adriana_Perez_Navarro:Adriana_Perez_Navarro_0001,origin,origin_512,512,512,True,reconstruction,0.0,0.0,1.0,False,population-c1b696495d2787e584b4639d,lfw,arcface-7972a704552df378345f,origin-embedding-f6075b200c4a4c725fdee462,lfw:Adriana_Perez_Navarro,True,1,lfw:Adriana_Perez_Navarro:Adriana_Perez_Navarro_0001,lfw:Adriana_Perez_Navarro:Adriana_Perez_Navarro_0001,lfw:Adriana_Perez_Navarro,lfw:Adriana_Perez_Navarro,0.9999998807907104,0.9999998807907104,1.0000001309137145,1.0000001309137145,0.0,2.5012300408633337e-07,True,True,1.0,True,True,True,True,,,,,,,,,,['lfw:Adriana_Perez_Navarro:Adriana_Perez_Navarro_0001'],['lfw:Adriana_Perez_Navarro:Adriana_Perez_Navarro_0001'],['lfw:Adriana_Perez_Navarro'],['lfw:Adriana_Perez_Navarro'],[0.99999988],[0.99999988],True,lfw:Adriana_Perez_Navarro,calibration:49f688f0589b173e,origin_leave_one_out_identity_cosine,0,False,singleton_identity,,a566a62357f0c55b679d9ff2f022a294486568be0c00665d39029d0e46a8109b,3976664d86e41199f7fd522aa9c1d70decf380ca8b2da9b6d2ee84d6dc4c03a9,22.731990814208984,saliency-36a49e9f24f8da2b969ac5ca,layer4.2.conv2,none,False,-1,,,,,,,,,,,,,,,,,,,,,,,,,,,,,,,,,,,
lfw:Ahmed_Ibrahim_Bilal:Ahmed_Ibrahim_Bilal_0001,origin,origin_512,512,512,True,reconstruction,0.0,0.0,1.0,False,population-c1b696495d2787e584b4639d,lfw,arcface-7972a704552df378345f,origin-embedding-f6075b200c4a4c725fdee462,lfw:Ahmed_Ibrahim_Bilal,True,1,lfw:Ahmed_Ibrahim_Bilal:Ahmed_Ibrahim_Bilal_0001,lfw:Ahmed_Ibrahim_Bilal:Ahmed_Ibrahim_Bilal_0001,lfw:Ahmed_Ibrahim_Bilal,lfw:Ahmed_Ibrahim_Bilal,1.0,1.0,1.0000000764740267,1.0000000764740267,0.0,7.647402666677294e-08,True,True,1.0,True,True,True,True,,,,,,,,,,['lfw:Ahmed_Ibrahim_Bilal:Ahmed_Ibrahim_Bilal_0001'],['lfw:Ahmed_Ibrahim_Bilal:Ahmed_Ibrahim_Bilal_0001'],['lfw:Ahmed_Ibrahim_Bilal'],['lfw:Ahmed_Ibrahim_Bilal'],[1.],[1.],True,lfw:Ahmed_Ibrahim_Bilal,calibration:49f688f0589b173e,origin_leave_one_out_identity_cosine,0,False,singleton_identity,,a566a62357f0c55b679d9ff2f022a294486568be0c00665d39029d0e46a8109b,3976664d86e41199f7fd522aa9c1d70decf380ca8b2da9b6d2ee84d6dc4c03a9,23.747446060180664,saliency-36a49e9f24f8da2b969ac5ca,layer4.2.conv2,none,False,-1,,,,,,,,,,,,,,,,,,,,,,,,,,,,,,,,,,,
lfw:Ahmed_Lopez:Ahmed_Lopez_0001,origin,origin_512,512,512,True,reconstruction,0.0,0.0,1.0,False,population-c1b696495d2787e584b4639d,lfw,arcface-7972a704552df378345f,origin-embedding-f6075b200c4a4c725fdee462,lfw:Ahmed_Lopez,True,1,lfw:Ahmed_Lopez:Ahmed_Lopez_0001,lfw:Ahmed_Lopez:Ahmed_Lopez_0001,lfw:Ahmed_Lopez,lfw:Ahmed_Lopez,1.0,1.0,1.0000001379741184,1.0000001379741184,0.0,1.3797411835270168e-07,True,True,1.0,True,True,True,True,,,,,,,,,,['lfw:Ahmed_Lopez:Ahmed_Lopez_0001'],['lfw:Ahmed_Lopez:Ahmed_Lopez_0001'],['lfw:Ahmed_Lopez'],['lfw:Ahmed_Lopez'],[1.],[1.],True,lfw:Ahmed_Lopez,calibration:49f688f0589b173e,origin_leave_one_out_identity_cosine,0,False,singleton_identity,,a566a62357f0c55b679d9ff2f022a294486568be0c00665d39029d0e46a8109b,3976664d86e41199f7fd522aa9c1d70decf380ca8b2da9b6d2ee84d6dc4c03a9,22.07845687866211,saliency-36a49e9f24f8da2b969ac5ca,layer4.2.conv2,none,False,-1,,,,,,,,,,,,,,,,,,,,,,,,,,,,,,,,,,,
lfw:Ai_Sugiyama:Ai_Sugiyama_0001,origin,origin_512,512,512,True,reconstruction,0.0,0.0,1.0,False,population-c1b696495d2787e584b4639d,lfw,arcface-7972a704552df378345f,origin-embedding-f6075b200c4a4c725fdee462,lfw:Ai_Sugiyama,True,1,lfw:Ai_Sugiyama:Ai_Sugiyama_0001,lfw:Ai_Sugiyama:Ai_Sugiyama_0001,lfw:Ai_Sugiyama,lfw:Ai_Sugiyama,1.000000238418579,1.000000238418579,1.0000001373415799,1.0000001373415799,0.0,-1.0107699921491076e-07,True,True,1.0,True,True,True,True,,,,,,,,,,['lfw:Ai_Sugiyama:Ai_Sugiyama_0001'],['lfw:Ai_Sugiyama:Ai_Sugiyama_0001'],['lfw:Ai_Sugiyama'],['lfw:Ai_Sugiyama'],[1.00000024],[1.00000024],True,lfw:Ai_Sugiyama,calibration:49f688f0589b173e,origin_leave_one_out_identity_cosine,4,True,eligible,0.8678248524665833,a566a62357f0c55b679d9ff2f022a294486568be0c00665d39029d0e46a8109b,3976664d86e41199f7fd522aa9c1d70decf380ca8b2da9b6d2ee84d6dc4c03a9,26.53716468811035,saliency-36a49e9f24f8da2b969ac5ca,layer4.2.conv2,none,True,2,0.3934260387975855,0.16395396947835794,0.3398395799052602,0.1027804118187964,0.3827781625633834,0.4722951894618748,0.4352811813591367,0.5612492517986623,0.6748963988856433,5.85855869948864,True,,,,,,,,,False,0.0,0.3934260387975855,0.8678250312805176,0.5184684991836548,0.0013549372088164091,True,1.0,1.7881393432617188e-07,0.1,0.012855589389801025,0.06828427314758301,0.047849178314208984,0.015683348774689687,-0.05542868375778198,-0.03499358892440796
lfw:Ai_Sugiyama:Ai_Sugiyama_0002,origin,origin_512,512,512,True,reconstruction,0.0,0.0,1.0,False,population-c1b696495d2787e584b4639d,lfw,arcface-7972a704552df378345f,origin-embedding-f6075b200c4a4c725fdee462,lfw:Ai_Sugiyama,True,1,lfw:Ai_Sugiyama:Ai_Sugiyama_0002,lfw:Ai_Sugiyama:Ai_Sugiyama_0002,lfw:Ai_Sugiyama,lfw:Ai_Sugiyama,0.9999998807907104,0.9999998807907104,1.0000000077990991,1.0000000077990991,0.0,1.2700838869506015e-07,True,True,1.0,True,True,True,True,,,,,,,,,,['lfw:Ai_Sugiyama:Ai_Sugiyama_0002'],['lfw:Ai_Sugiyama:Ai_Sugiyama_0002'],['lfw:Ai_Sugiyama'],['lfw:Ai_Sugiyama'],[0.99999988],[0.99999988],True,lfw:Ai_Sugiyama,calibration:49f688f0589b173e,origin_leave_one_out_identity_cosine,4,True,eligible,0.8636811971664429,a566a62357f0c55b679d9ff2f022a294486568be0c00665d39029d0e46a8109b,3976664d86e41199f7fd522aa9c1d70decf380ca8b2da9b6d2ee84d6dc4c03a9,25.254438400268555,saliency-36a49e9f24f8da2b969ac5ca,layer4.2.conv2,none,True,3,0.03687486563958842,0.26670693241870425,0.3598801527215061,0.33653804922020125,0.6352543072116387,0.6297170888471242,0.4124945745072645,0.6832636959262651,0.6161473166650415,5.648300578817725,True,,,,,,,,,False,0.0,0.3598801527215061,0.8636813163757324,0.5688484907150269,0.001033069216646254,True,1.0,1.1920928955078125e-07,0.1,0.04686957597732544,0.006350159645080566,0.006660342216491699,0.013432855739640355,0.04051941633224487,0.04020923376083374
lfw:Ai_Sugiyama:Ai_Sugiyama_0003,origin,origin_512,512,512,True,reconstruction,0.0,0.0,1.0,False,population-c1b696495d2787e584b4639d,lfw,arcface-7972a704552df378345f,origin-embedding-f6075b200c4a4c725fdee462,lfw:Ai_Sugiyama,True,1,lfw:Ai_Sugiyama:Ai_Sugiyama_0003,lfw:Ai_Sugiyama:Ai_Sugiyama_0003,lfw:Ai_Sugiyama,lfw:Ai_Sugiyama,0.9999998211860657,0.9999998211860657,1.0000000087345757,1.0000000087345757,0.0,1.875485100555352e-07,True,True,1.0,True,True,True,True,,,,,,,,,,['lfw:Ai_Sugiyama:Ai_Sugiyama_0003'],['lfw:Ai_Sugiyama:Ai_Sugiyama_0003'],['lfw:Ai_Sugiyama'],['lfw:Ai_Sugiyama'],[0.99999982],[0.99999982],True,lfw:Ai_Sugiyama,calibration:49f688f0589b173e,origin_leave_one_out_identity_cosine,4,True,eligible,0.9005653858184814,a566a62357f0c55b679d9ff2f022a294486568be0c00665d39029d0e46a8109b,3976664d86e41199f7fd522aa9c1d70decf380ca8b2da9b6d2ee84d6dc4c03a9,26.253812789916992,saliency-36a49e9f24f8da2b969ac5ca,layer4.2.conv2,none,True,4,0.2915775296806496,0.21136407503959997,0.3192112757549365,0.1778471195248139,0.49846610368361777,0.5453777655039408,0.3611708397262725,0.3833149587699003,0.8273262476814794,10.27637127880007,True,,,,,,,,,False,0.0,0.3192112757549365,0.9005653858184814,0.4754253923892975,0.003758338512852788,True,1.0,0.0,0.1,0.0717042088508606,0.034940481185913086,0.07237255573272705,0.023050878346572882,0.03676372766494751,-0.0006683468818664551
lfw:Ai_Sugiyama:Ai_Sugiyama_0004,origin,origin_512,512,512,True,reconstruction,0.0,0.0,1.0,False,population-c1b696495d2787e584b4639d,lfw,arcface-7972a704552df378345f,origin-embedding-f6075b200c4a4c725fdee462,lfw:Ai_Sugiyama,True,1,lfw:Ai_Sugiyama:Ai_Sugiyama_0004,lfw:Ai_Sugiyama:Ai_Sugiyama_0004,lfw:Ai_Sugiyama,lfw:Ai_Sugiyama,0.9999998807907104,0.9999998807907104,1.0000000104012372,1.0000000104012372,0.0,1.2961052675564133e-07,True,True,1.0,True,True,True,True,,,,,,,,,,['lfw:Ai_Sugiyama:Ai_Sugiyama_0004'],['lfw:Ai_Sugiyama:Ai_Sugiyama_0004'],['lfw:Ai_Sugiyama'],['lfw:Ai_Sugiyama'],[0.99999988],[0.99999988],True,lfw:Ai_Sugiyama,calibration:49f688f0589b173e,origin_leave_one_out_identity_cosine,4,True,eligible,0.8118967413902283,a566a62357f0c55b679d9ff2f022a294486568be0c00665d39029d0e46a8109b,3976664d86e41199f7fd522aa9c1d70decf380ca8b2da9b6d2ee84d6dc4c03a9,24.693452835083008,saliency-36a49e9f24f8da2b969ac5ca,layer4.2.conv2,none,True,5,0.4660287246209372,0.2987460883424332,0.1760126494943383,0.05921253754229131,0.6061617811040203,0.49864171209748115,0.30221291886487867,0.5339712753790629,0.4858721123589088,3.8329957388341427,True,,,,,,,,,False,0.0,0.4660287246209372,0.811896800994873,0.6512933969497681,0.0008663576445542276,True,1.0,5.960464477539063e-08,0.1,0.11581897735595703,0.07666277885437012,0.06255841255187988,0.018529520529960878,0.039156198501586914,0.05326056480407715
lfw:Ai_Sugiyama:Ai_Sugiyama_0005,origin,origin_512,512,512,True,reconstruction,0.0,0.00026103430130914695,0.999999965930547,False,population-c1b696495d2787e584b4639d,lfw,arcface-7972a704552df378345f,origin-embedding-f6075b200c4a4c725fdee462,lfw:Ai_Sugiyama,True,1,lfw:Ai_Sugiyama:Ai_Sugiyama_0005,lfw:Ai_Sugiyama:Ai_Sugiyama_0005,lfw:Ai_Sugiyama,lfw:Ai_Sugiyama,0.9999998807907104,0.9999998807907104,0.999999965930547,0.999999965930547,0.0,8.51398365142586e-08,True,True,1.0,True,True,True,True,,,,,,,,,,['lfw:Ai_Sugiyama:Ai_Sugiyama_0005'],['lfw:Ai_Sugiyama:Ai_Sugiyama_0005'],['lfw:Ai_Sugiyama'],['lfw:Ai_Sugiyama'],[0.99999988],[0.99999988],True,lfw:Ai_Sugiyama,calibration:49f688f0589b173e,origin_leave_one_out_identity_cosine,4,True,eligible,0.819826066493988,a566a62357f0c55b679d9ff2f022a294486568be0c00665d39029d0e46a8109b,3976664d86e41199f7fd522aa9c1d70decf380ca8b2da9b6d2ee84d6dc4c03a9,23.427265167236328,saliency-36a49e9f24f8da2b969ac5ca,layer4.2.conv2,none,True,6,0.2891698099805668,0.3324579624374998,0.20741666753481744,0.17095556004711596,0.5542805124806798,0.4623808390490613,0.40920248360397926,0.34071549772519255,0.8940188159986973,12.150861993432045,True,,,,,,,,,False,0.0,0.3324579624374998,0.8198260068893433,0.6954532265663147,0.008342929184436798,True,0.9999999403953552,5.960464477539063e-08,0.1,0.11548393964767456,0.10460591316223145,0.027164220809936523,0.008635822744995967,0.010878026485443115,0.08831971883773804
lfw:Aicha_El_Ouafi:Aicha_El_Ouafi_0001,origin,origin_512,512,512,True,reconstruction,0.0,0.0,1.0,False,population-c1b696495d2787e584b4639d,lfw,arcface-7972a704552df378345f,origin-embedding-f6075b200c4a4c725fdee462,lfw:Aicha_El_Ouafi,True,1,lfw:Aicha_El_Ouafi:Aicha_El_Ouafi_0001,lfw:Aicha_El_Ouafi:Aicha_El_Ouafi_0001,lfw:Aicha_El_Ouafi,lfw:Aicha_El_Ouafi,1.0,1.0,1.0000000986743363,1.0000000986743363,0.0,9.86743362574316e-08,True,True,1.0,True,True,True,True,,,,,,,,,,['lfw:Aicha_El_Ouafi:Aicha_El_Ouafi_0001'],['lfw:Aicha_El_Ouafi:Aicha_El_Ouafi_0001'],['lfw:Aicha_El_Ouafi'],['lfw:Aicha_El_Ouafi'],[1.],[1.],True,lfw:Aicha_El_Ouafi,calibration:49f688f0589b173e,origin_leave_one_out_identity_cosine,2,True,eligible,0.783557653427124,a566a62357f0c55b679d9ff2f022a294486568be0c00665d39029d0e46a8109b,3976664d86e41199f7fd522aa9c1d70decf380ca8b2da9b6d2ee84d6dc4c03a9,23.18673324584961,saliency-36a49e9f24f8da2b969ac5ca,layer4.2.conv2,none,True,7,0.25800523004378634,0.40147698058633974,0.16726929912948596,0.1732484902403879,0.6182364633761841,0.4099542394418051,0.4307441507024709,0.3716394787250574,0.824167700895506,11.31237681210041,True,,,,,,,,,False,0.0,0.40147698058633974,0.783557653427124,0.7458825707435608,0.007209227420389652,True,0.9999999403953552,0.0,0.1,0.06497955322265625,0.11642897129058838,0.07395702600479126,0.013729591542428105,-0.05144941806793213,-0.00897747278213501
lfw:Aicha_El_Ouafi:Aicha_El_Ouafi_0002,origin,origin_512,512,512,True,reconstruction,0.0,0.0,1.0,False,population-c1b696495d2787e584b4639d,lfw,arcface-7972a704552df378345f,origin-embedding-f6075b200c4a4c725fdee462,lfw:Aicha_El_Ouafi,True,1,lfw:Aicha_El_Ouafi:Aicha_El_Ouafi_0002,lfw:Aicha_El_Ouafi:Aicha_El_Ouafi_0002,lfw:Aicha_El_Ouafi,lfw:Aicha_El_Ouafi,1.0,1.0,1.0000001370293259,1.0000001370293259,0.0,1.3702932588621763e-07,True,True,1.0,True,True,True,True,,,,,,,,,,['lfw:Aicha_El_Ouafi:Aicha_El_Ouafi_0002'],['lfw:Aicha_El_Ouafi:Aicha_El_Ouafi_0002'],['lfw:Aicha_El_Ouafi'],['lfw:Aicha_El_Ouafi'],[1.],[1.],True,lfw:Aicha_El_Ouafi,calibration:49f688f0589b173e,origin_leave_one_out_identity_cosine,2,True,eligible,0.8210282325744629,a566a62357f0c55b679d9ff2f022a294486568be0c00665d39029d0e46a8109b,3976664d86e41199f7fd522aa9c1d70decf380ca8b2da9b6d2ee84d6dc4c03a9,21.639503479003906,saliency-36a49e9f24f8da2b969ac5ca,layer4.2.conv2,none,True,8,0.32950194881044076,0.2201703603869886,0.231665361712588,0.21866232908998262,0.5283087850920258,0.529574890097011,0.43274519469074113,0.4251747346394628,0.9136887691634665,16.503857037052512,True,,,,,,,,,False,0.0,0.32950194881044076,0.821028470993042,0.7605242729187012,0.008465307764708996,True,1.0,2.384185791015625e-07,0.1,0.04668831825256348,0.002863168716430664,0.06604599952697754,0.015582632684704428,0.04382514953613281,-0.019357681274414062
lfw:Aicha_El_Ouafi:Aicha_El_Ouafi_0003,origin,origin_512,512,512,True,reconstruction,0.0,0.0,1.0,False,population-c1b696495d2787e584b4639d,lfw,arcface-7972a704552df378345f,origin-embedding-f6075b200c4a4c725fdee462,lfw:Aicha_El_Ouafi,True,1,lfw:Aicha_El_Ouafi:Aicha_El_Ouafi_0003,lfw:Aicha_El_Ouafi:Aicha_El_Ouafi_0003,lfw:Aicha_El_Ouafi,lfw:Aicha_El_Ouafi,1.000000238418579,1.000000238418579,1.0000000097103943,1.0000000097103943,0.0,-2.2870818483511357e-07,True,True,1.0,True,True,True,True,,,,,,,,,,['lfw:Aicha_El_Ouafi:Aicha_El_Ouafi_0003'],['lfw:Aicha_El_Ouafi:Aicha_El_Ouafi_0003'],['lfw:Aicha_El_Ouafi'],['lfw:Aicha_El_Ouafi'],[1.00000024],[1.00000024],True,lfw:Aicha_El_Ouafi,calibration:49f688f0589b173e,origin_leave_one_out_identity_cosine,2,True,eligible,0.7663892507553101,a566a62357f0c55b679d9ff2f022a294486568be0c00665d39029d0e46a8109b,3976664d86e41199f7fd522aa9c1d70decf380ca8b2da9b6d2ee84d6dc4c03a9,18.378934860229492,saliency-36a49e9f24f8da2b969ac5ca,layer4.2.conv2,none,True,9,0.2070204184883095,0.5485954060325406,0.18272046348577425,0.061663711993375614,0.585844367065033,0.3244578517678167,0.45174027458261656,0.7652901743165191,0.5677146138696308,3.5789141729474068,True,,,,,,,,,False,0.0,0.5485954060325406,0.7663893103599548,1.0203299522399902,0.0011644214391708374,True,1.0,5.960464477539063e-08,0.1,0.013597548007965088,0.09379231929779053,0.05265355110168457,0.0136971227837488,-0.08019477128982544,-0.03905600309371948
lfw:Akbar_Al_Baker:Akbar_Al_Baker_0001,origin,origin_512,512,512,True,reconstruction,0.0,0.0,1.0,False,population-c1b696495d2787e584b4639d,lfw,arcface-7972a704552df378345f,origin-embedding-f6075b200c4a4c725fdee462,lfw:Akbar_Al_Baker,True,1,lfw:Akbar_Al_Baker:Akbar_Al_Baker_0001,lfw:Akbar_Al_Baker:Akbar_Al_Baker_0001,lfw:Akbar_Al_Baker,lfw:Akbar_Al_Baker,0.9999998807907104,0.9999998807907104,1.0000000581555661,1.0000000581555661,0.0,1.7736485569130878e-07,True,True,1.0,True,True,True,True,,,,,,,,,,['lfw:Akbar_Al_Baker:Akbar_Al_Baker_0001'],['lfw:Akbar_Al_Baker:Akbar_Al_Baker_0001'],['lfw:Akbar_Al_Baker'],['lfw:Akbar_Al_Baker'],[0.99999988],[0.99999988],True,lfw:Akbar_Al_Baker,calibration:49f688f0589b173e,origin_leave_one_out_identity_cosine,0,False,singleton_identity,,a566a62357f0c55b679d9ff2f022a294486568be0c00665d39029d0e46a8109b,3976664d86e41199f7fd522aa9c1d70decf380ca8b2da9b6d2ee84d6dc4c03a9,19.996135711669922,saliency-36a49e9f24f8da2b969ac5ca,layer4.2.conv2,none,False,-1,,,,,,,,,,,,,,,,,,,,,,,,,,,,,,,,,,,
lfw:Albert_Brooks:Albert_Brooks_0001,origin,origin_512,512,512,True,reconstruction,0.0,0.0,1.0,False,population-c1b696495d2787e584b4639d,lfw,arcface-7972a704552df378345f,origin-embedding-f6075b200c4a4c725fdee462,lfw:Albert_Brooks,True,1,lfw:Albert_Brooks:Albert_Brooks_0001,lfw:Albert_Brooks:Albert_Brooks_0001,lfw:Albert_Brooks,lfw:Albert_Brooks,1.0,1.0,1.0000001145747328,1.0000001145747328,0.0,1.1457473281240027e-07,True,True,1.0,True,True,True,True,,,,,,,,,,['lfw:Albert_Brooks:Albert_Brooks_0001'],['lfw:Albert_Brooks:Albert_Brooks_0001'],['lfw:Albert_Brooks'],['lfw:Albert_Brooks'],[1.],[1.],True,lfw:Albert_Brooks,calibration:49f688f0589b173e,origin_leave_one_out_identity_cosine,0,False,singleton_identity,,a566a62357f0c55b679d9ff2f022a294486568be0c00665d39029d0e46a8109b,3976664d86e41199f7fd522aa9c1d70decf380ca8b2da9b6d2ee84d6dc4c03a9,22.68593406677246,saliency-36a49e9f24f8da2b969ac5ca,layer4.2.conv2,none,False,-1,,,,,,,,,,,,,,,,,,,,,,,,,,,,,,,,,,,
lfw:Albert_Costa:Albert_Costa_0001,origin,origin_512,512,512,True,reconstruction,0.0,0.0002251118500285835,0.9999999746623276,False,population-c1b696495d2787e584b4639d,lfw,arcface-7972a704552df378345f,origin-embedding-f6075b200c4a4c725fdee462,lfw:Albert_Costa,True,1,lfw:Albert_Costa:Albert_Costa_0001,lfw:Albert_Costa:Albert_Costa_0001,lfw:Albert_Costa,lfw:Albert_Costa,1.0,1.0,0.9999999746623276,0.9999999746623276,0.0,-2.5337672404646128e-08,True,True,1.0,True,True,True,True,,,,,,,,,,['lfw:Albert_Costa:Albert_Costa_0001'],['lfw:Albert_Costa:Albert_Costa_0001'],['lfw:Albert_Costa'],['lfw:Albert_Costa'],[1.],[1.],True,lfw:Albert_Costa,calibration:49f688f0589b173e,origin_leave_one_out_identity_cosine,5,True,eligible,0.8527251482009888,a566a62357f0c55b679d9ff2f022a294486568be0c00665d39029d0e46a8109b,3976664d86e41199f7fd522aa9c1d70decf380ca8b2da9b6d2ee84d6dc4c03a9,21.122882843017578,saliency-36a49e9f24f8da2b969ac5ca,layer4.2.conv2,none,True,10,0.36757948994514983,0.15641595899394017,0.08993476560610546,0.3860697854548046,0.5517498765163739,0.4895814350790888,0.3951811454965325,0.8926692569934257,0.5211997028941612,4.537310114130378,True,,,,,,,,,False,0.0,0.3860697854548046,0.8527252674102783,0.6864173412322998,0.00075002561789006,True,1.0,1.1920928955078125e-07,0.1,0.03257918357849121,0.08252531290054321,0.06892865896224976,0.02167301269912655,-0.049946129322052,-0.036349475383758545
lfw:Albert_Costa:Albert_Costa_0002,origin,origin_512,512,512,True,reconstruction,0.0,0.0,1.0,False,population-c1b696495d2787e584b4639d,lfw,arcface-7972a704552df378345f,origin-embedding-f6075b200c4a4c725fdee462,lfw:Albert_Costa,True,1,lfw:Albert_Costa:Albert_Costa_0002,lfw:Albert_Costa:Albert_Costa_0002,lfw:Albert_Costa,lfw:Albert_Costa,1.000000238418579,1.000000238418579,1.0000000379121232,1.0000000379121232,0.0,-2.005064558829872e-07,True,True,1.0,True,True,True,True,,,,,,,,,,['lfw:Albert_Costa:Albert_Costa_0002'],['lfw:Albert_Costa:Albert_Costa_0002'],['lfw:Albert_Costa'],['lfw:Albert_Costa'],[1.00000024],[1.00000024],True,lfw:Albert_Costa,calibration:49f688f0589b173e,origin_leave_one_out_identity_cosine,5,True,eligible,0.834886372089386,a566a62357f0c55b679d9ff2f022a294486568be0c00665d39029d0e46a8109b,3976664d86e41199f7fd522aa9c1d70decf380ca8b2da9b6d2ee84d6dc4c03a9,20.31437110900879,saliency-36a49e9f24f8da2b969ac5ca,layer4.2.conv2,none,True,11,0.23662931737062454,0.10814940088979805,0.3603106427692867,0.29491063897029074,0.5819754754428683,0.6909294891913139,0.37391741533069556,0.6092614573139341,0.7196123273637095,8.470705283805728,True,,,,,,,,,False,0.0,0.3603106427692867,0.8348864912986755,0.7419386506080627,0.002264642156660557,True,1.0,1.1920928955078125e-07,0.1,0.05836671590805054,0.02610105276107788,0.0538865327835083,0.014313649517058205,0.032265663146972656,0.004480183124542236
lfw:Albert_Costa:Albert_Costa_0003,origin,origin_512,512,512,True,reconstruction,0.0,0.0,1.0,False,population-c1b696495d2787e584b4639d,lfw,arcface-7972a704552df378345f,origin-embedding-f6075b200c4a4c725fdee462,lfw:Albert_Costa,True,1,lfw:Albert_Costa:Albert_Costa_0003,lfw:Albert_Costa:Albert_Costa_0003,lfw:Albert_Costa,lfw:Albert_Costa,1.000000238418579,1.000000238418579,1.0000001594040313,1.0000001594040313,0.0,-7.901454779357664e-08,True,True,1.0,True,True,True,True,,,,,,,,,,['lfw:Albert_Costa:Albert_Costa_0003'],['lfw:Albert_Costa:Albert_Costa_0003'],['lfw:Albert_Costa'],['lfw:Albert_Costa'],[1.00000024],[1.00000024],True,lfw:Albert_Costa,calibration:49f688f0589b173e,origin_leave_one_out_identity_cosine,5,True,eligible,0.7502400279045105,a566a62357f0c55b679d9ff2f022a294486568be0c00665d39029d0e46a8109b,3976664d86e41199f7fd522aa9c1d70decf380ca8b2da9b6d2ee84d6dc4c03a9,21.074260711669922,saliency-36a49e9f24f8da2b969ac5ca,layer4.2.conv2,none,True,12,0.27547959510704256,0.3762864690327445,0.15736768815871288,0.19086624770150004,0.6192010518702493,0.5073852120218622,0.46437101219008725,0.7289960167825212,0.6807304540483495,5.651135755004361,True,,,,,,,,,False,0.0,0.3762864690327445,0.7502399682998657,0.8572919964790344,0.002463368698954582,True,0.9999999403953552,5.960464477539063e-08,0.1,0.03232371807098389,0.004373788833618164,0.07033282518386841,0.023611587369478642,0.027949929237365723,-0.03800910711288452
lfw:Albert_Costa:Albert_Costa_0004,origin,origin_512,512,512,True,reconstruction,0.0,0.0,1.0,False,population-c1b696495d2787e584b4639d,lfw,arcface-7972a704552df378345f,origin-embedding-f6075b200c4a4c725fdee462,lfw:Albert_Costa,True,1,lfw:Albert_Costa:Albert_Costa_0004,lfw:Albert_Costa:Albert_Costa_0004,lfw:Albert_Costa,lfw:Albert_Costa,0.9999998807907104,0.9999998807907104,1.0000000900651553,1.0000000900651553,0.0,2.0927444488449964e-07,True,True,1.0,True,True,True,True,,,,,,,,,,['lfw:Albert_Costa:Albert_Costa_0004'],['lfw:Albert_Costa:Albert_Costa_0004'],['lfw:Albert_Costa'],['lfw:Albert_Costa'],[0.99999988],[0.99999988],True,lfw:Albert_Costa,calibration:49f688f0589b173e,origin_leave_one_out_identity_cosine,5,True,eligible,0.8304705619812012,a566a62357f0c55b679d9ff2f022a294486568be0c00665d39029d0e46a8109b,3976664d86e41199f7fd522aa9c1d70decf380ca8b2da9b6d2ee84d6dc4c03a9,21.6248722076416,saliency-36a49e9f24f8da2b969ac5ca,layer4.2.conv2,none,True,13,0.23086272597249036,0.3945453817685195,0.1678930496045842,0.2066988426544059,0.5824251434613791,0.5840079598750565,0.39034025402887235,0.6910472139807569,0.6575264784674812,3.606831123121083,True,,,,,,,,,False,0.0,0.3945453817685195,0.8304705619812012,0.7212800979614258,0.0016788722714409232,True,1.0,0.0,0.1,0.14111435413360596,0.055374979972839355,0.061237215995788574,0.013995658169720395,0.0857393741607666,0.07987713813781738
lfw:Albert_Costa:Albert_Costa_0005,origin,origin_512,512,512,True,reconstruction,0.0,0.0,1.0,False,population-c1b696495d2787e584b4639d,lfw,arcface-7972a704552df378345f,origin-embedding-f6075b200c4a4c725fdee462,lfw:Albert_Costa,True,1,lfw:Albert_Costa:Albert_Costa_0005,lfw:Albert_Costa:Albert_Costa_0005,lfw:Albert_Costa,lfw:Albert_Costa,1.000000238418579,1.000000238418579,1.0000001262058618,1.0000001262058618,0.0,-1.122127173402987e-07,True,True,1.0,True,True,True,True,,,,,,,,,,['lfw:Albert_Costa:Albert_Costa_0005'],['lfw:Albert_Costa:Albert_Costa_0005'],['lfw:Albert_Costa'],['lfw:Albert_Costa'],[1.00000024],[1.00000024],True,lfw:Albert_Costa,calibration:49f688f0589b173e,origin_leave_one_out_identity_cosine,5,True,eligible,0.86278235912323,a566a62357f0c55b679d9ff2f022a294486568be0c00665d39029d0e46a8109b,3976664d86e41199f7fd522aa9c1d70decf380ca8b2da9b6d2ee84d6dc4c03a9,21.19847869873047,saliency-36a49e9f24f8da2b969ac5ca,layer4.2.conv2,none,True,14,0.19556103005764308,0.4249701833956833,0.1967350362971359,0.18273375024953767,0.6448859849772985,0.46227503987591584,0.3301798789125213,0.5725662664769205,0.7222297607171981,7.469675054773688,True,,,,,,,,,False,0.0,0.4249701833956833,0.8627824187278748,0.6653964519500732,0.0028933559078723192,True,1.0,5.960464477539063e-08,0.1,0.08782178163528442,0.023608863353729248,0.04520303010940552,0.010523351623358383,0.06421291828155518,0.042618751525878906
lfw:Albert_Costa:Albert_Costa_0006,origin,origin_512,512,512,True,reconstruction,0.0,0.0,1.0,False,population-c1b696495d2787e584b4639d,lfw,arcface-7972a704552df378345f,origin-embedding-f6075b200c4a4c725fdee462,lfw:Albert_Costa,True,1,lfw:Albert_Costa:Albert_Costa_0006,lfw:Albert_Costa:Albert_Costa_0006,lfw:Albert_Costa,lfw:Albert_Costa,0.9999999403953552,0.9999999403953552,1.0000000191756788,1.0000000191756788,0.0,7.878032359798226e-08,True,True,1.0,True,True,True,True,,,,,,,,,,['lfw:Albert_Costa:Albert_Costa_0006'],['lfw:Albert_Costa:Albert_Costa_0006'],['lfw:Albert_Costa'],['lfw:Albert_Costa'],[0.99999994],[0.99999994],True,lfw:Albert_Costa,calibration:49f688f0589b173e,origin_leave_one_out_identity_cosine,5,True,eligible,0.9052472710609436,a566a62357f0c55b679d9ff2f022a294486568be0c00665d39029d0e46a8109b,3976664d86e41199f7fd522aa9c1d70decf380ca8b2da9b6d2ee84d6dc4c03a9,21.239770889282227,saliency-36a49e9f24f8da2b969ac5ca,layer4.2.conv2,none,True,15,0.4162079417389079,0.0,0.5523486820237494,0.03144337623734268,0.26309661474458196,0.5604334230405261,0.2807358134451744,0.7696131315853383,0.47653763284791384,3.0155128985643387,True,,,,,,,,,False,0.0,0.5523486820237494,0.9052473306655884,0.5480668544769287,0.0005042233970016241,True,1.0,5.960464477539063e-08,0.1,0.04775536060333252,0.04437220096588135,0.04240608215332031,0.005579098978098085,0.003383159637451172,0.005349278450012207
lfw:Albert_Pujols:Albert_Pujols_0001,origin,origin_512,512,512,True,reconstruction,0.0,0.0002194241361106334,0.9999999759265243,False,population-c1b696495d2787e584b4639d,lfw,arcface-7972a704552df378345f,origin-embedding-f6075b200c4a4c725fdee462,lfw:Albert_Pujols,True,1,lfw:Albert_Pujols:Albert_Pujols_0001,lfw:Albert_Pujols:Albert_Pujols_0001,lfw:Albert_Pujols,lfw:Albert_Pujols,0.9999998211860657,0.9999998211860657,0.9999999759265243,0.9999999759265243,0.0,1.547404586688117e-07,True,True,1.0,True,True,True,True,,,,,,,,,,['lfw:Albert_Pujols:Albert_Pujols_0001'],['lfw:Albert_Pujols:Albert_Pujols_0001'],['lfw:Albert_Pujols'],['lfw:Albert_Pujols'],[0.99999982],[0.99999982],True,lfw:Albert_Pujols,calibration:49f688f0589b173e,origin_leave_one_out_identity_cosine,0,False,singleton_identity,,a566a62357f0c55b679d9ff2f022a294486568be0c00665d39029d0e46a8109b,3976664d86e41199f7fd522aa9c1d70decf380ca8b2da9b6d2ee84d6dc4c03a9,24.209566116333008,saliency-36a49e9f24f8da2b969ac5ca,layer4.2.conv2,none,False,-1,,,,,,,,,,,,,,,,,,,,,,,,,,,,,,,,,,,
lfw:Alberto_Ruiz_Gallardon:Alberto_Ruiz_Gallardon_0001,origin,origin_512,512,512,True,reconstruction,0.0,0.0,1.0,False,population-c1b696495d2787e584b4639d,lfw,arcface-7972a704552df378345f,origin-embedding-f6075b200c4a4c725fdee462,lfw:Alberto_Ruiz_Gallardon,True,1,lfw:Alberto_Ruiz_Gallardon:Alberto_Ruiz_Gallardon_0001,lfw:Alberto_Ruiz_Gallardon:Alberto_Ruiz_Gallardon_0001,lfw:Alberto_Ruiz_Gallardon,lfw:Alberto_Ruiz_Gallardon,1.0000001192092896,1.0000001192092896,1.0000001650819224,1.0000001650819224,0.0,4.587263280342313e-08,True,True,1.0,True,True,True,True,,,,,,,,,,['lfw:Alberto_Ruiz_Gallardon:Alberto_Ruiz_Gallardon_0001'],['lfw:Alberto_Ruiz_Gallardon:Alberto_Ruiz_Gallardon_0001'],['lfw:Alberto_Ruiz_Gallardon'],['lfw:Alberto_Ruiz_Gallardon'],[1.00000012],[1.00000012],True,lfw:Alberto_Ruiz_Gallardon,calibration:49f688f0589b173e,origin_leave_one_out_identity_cosine,1,True,eligible,0.6662259697914124,a566a62357f0c55b679d9ff2f022a294486568be0c00665d39029d0e46a8109b,3976664d86e41199f7fd522aa9c1d70decf380ca8b2da9b6d2ee84d6dc4c03a9,21.386137008666992,saliency-36a49e9f24f8da2b969ac5ca,layer4.2.conv2,none,True,16,0.3974510793336586,0.12500039814651628,0.35422453783265173,0.12332398468717341,0.43503066955721736,0.5105274778267702,0.39726220169131593,0.3063383119226533,0.8530898852252432,9.165941078215837,True,,,,,,,,,False,0.0,0.3974510793336586,0.6662261486053467,0.966992974281311,0.008524270728230476,True,0.9999999403953552,1.7881393432617188e-07,0.1,0.02370131015777588,0.020690321922302246,0.005720853805541992,0.015982879825465358,0.003010988235473633,0.017980456352233887
lfw:Alberto_Ruiz_Gallardon:Alberto_Ruiz_Gallardon_0002,origin,origin_512,512,512,True,reconstruction,0.0,0.0001717312328398121,0.9999999852541919,False,population-c1b696495d2787e584b4639d,lfw,arcface-7972a704552df378345f,origin-embedding-f6075b200c4a4c725fdee462,lfw:Alberto_Ruiz_Gallardon,True,1,lfw:Alberto_Ruiz_Gallardon:Alberto_Ruiz_Gallardon_0002,lfw:Alberto_Ruiz_Gallardon:Alberto_Ruiz_Gallardon_0002,lfw:Alberto_Ruiz_Gallardon,lfw:Alberto_Ruiz_Gallardon,0.9999995231628418,0.9999995231628418,0.9999999852541919,0.9999999852541919,0.0,4.6209135007302393e-07,True,True,1.0,True,True,True,True,,,,,,,,,,['lfw:Alberto_Ruiz_Gallardon:Alberto_Ruiz_Gallardon_0002'],['lfw:Alberto_Ruiz_Gallardon:Alberto_Ruiz_Gallardon_0002'],['lfw:Alberto_Ruiz_Gallardon'],['lfw:Alberto_Ruiz_Gallardon'],[0.99999952],[0.99999952],True,lfw:Alberto_Ruiz_Gallardon,calibration:49f688f0589b173e,origin_leave_one_out_identity_cosine,1,True,eligible,0.6662259697914124,a566a62357f0c55b679d9ff2f022a294486568be0c00665d39029d0e46a8109b,3976664d86e41199f7fd522aa9c1d70decf380ca8b2da9b6d2ee84d6dc4c03a9,26.114450454711914,saliency-36a49e9f24f8da2b969ac5ca,layer4.2.conv2,none,True,17,0.31802063969040906,0.42348515866874215,0.044957155029264194,0.2135370466115846,0.6573271034490519,0.42977845557762273,0.3945280094418104,0.7418485891503415,0.6369069090647921,5.326422533020377,True,,,,,,,,,False,0.0,0.42348515866874215,0.666225790977478,0.7940080761909485,0.0026003539096564054,True,1.0,1.7881393432617188e-07,0.1,0.04166460037231445,0.05492544174194336,0.08919519186019897,0.017794635972872525,-0.013260841369628906,-0.04753059148788452
lfw:Albrecht_Mentz:Albrecht_Mentz_0001,origin,origin_512,512,512,True,reconstruction,0.0,0.0,1.0,False,population-c1b696495d2787e584b4639d,lfw,arcface-7972a704552df378345f,origin-embedding-f6075b200c4a4c725fdee462,lfw:Albrecht_Mentz,True,1,lfw:Albrecht_Mentz:Albrecht_Mentz_0001,lfw:Albrecht_Mentz:Albrecht_Mentz_0001,lfw:Albrecht_Mentz,lfw:Albrecht_Mentz,0.9999998807907104,0.9999998807907104,1.0000000411993157,1.0000000411993157,0.0,1.6040860528754308e-07,True,True,1.0,True,True,True,True,,,,,,,,,,['lfw:Albrecht_Mentz:Albrecht_Mentz_0001'],['lfw:Albrecht_Mentz:Albrecht_Mentz_0001'],['lfw:Albrecht_Mentz'],['lfw:Albrecht_Mentz'],[0.99999988],[0.99999988],True,lfw:Albrecht_Mentz,calibration:49f688f0589b173e,origin_leave_one_out_identity_cosine,1,True,eligible,0.8308475613594055,a566a62357f0c55b679d9ff2f022a294486568be0c00665d39029d0e46a8109b,3976664d86e41199f7fd522aa9c1d70decf380ca8b2da9b6d2ee84d6dc4c03a9,22.893510818481445,saliency-36a49e9f24f8da2b969ac5ca,layer4.2.conv2,none,True,18,0.44006117896461855,0.3028853163644302,0.05060076323522471,0.20645274143572653,0.5483411566470252,0.4171954998296128,0.4375192739107441,0.4369029134111384,0.7253835086485624,8.767125873826444,True,,,,,,,,,False,0.0,0.44006117896461855,0.8308475613594055,0.6838914155960083,0.002097519813105464,True,1.0,0.0,0.1,0.06697827577590942,0.04077708721160889,0.014424145221710205,0.01068257083375943,0.026201188564300537,0.05255413055419922
lfw:Albrecht_Mentz:Albrecht_Mentz_0002,origin,origin_512,512,512,True,reconstruction,0.0,0.0,1.0,False,population-c1b696495d2787e584b4639d,lfw,arcface-7972a704552df378345f,origin-embedding-f6075b200c4a4c725fdee462,lfw:Albrecht_Mentz,True,1,lfw:Albrecht_Mentz:Albrecht_Mentz_0002,lfw:Albrecht_Mentz:Albrecht_Mentz_0002,lfw:Albrecht_Mentz,lfw:Albrecht_Mentz,1.0,1.0,1.0000000248958005,1.0000000248958005,0.0,2.4895800532220846e-08,True,True,1.0,True,True,True,True,,,,,,,,,,['lfw:Albrecht_Mentz:Albrecht_Mentz_0002'],['lfw:Albrecht_Mentz:Albrecht_Mentz_0002'],['lfw:Albrecht_Mentz'],['lfw:Albrecht_Mentz'],[1.],[1.],True,lfw:Albrecht_Mentz,calibration:49f688f0589b173e,origin_leave_one_out_identity_cosine,1,True,eligible,0.8308475613594055,a566a62357f0c55b679d9ff2f022a294486568be0c00665d39029d0e46a8109b,3976664d86e41199f7fd522aa9c1d70decf380ca8b2da9b6d2ee84d6dc4c03a9,24.45532989501953,saliency-36a49e9f24f8da2b969ac5ca,layer4.2.conv2,none,True,19,0.17029291049992445,0.17079534917438022,0.5602934922864726,0.09861824803922269,0.4396876003488627,0.6782032019129972,0.35104265043397764,0.4138104676067049,0.766710086249314,7.892733113840222,True,,,,,,,,,False,0.0,0.5602934922864726,0.8308475613594055,0.6443248987197876,0.0036679371260106564,True,1.0,0.0,0.1,0.05075317621231079,0.08525002002716064,0.036689162254333496,0.008203032417421069,-0.034496843814849854,0.014064013957977295
lfw:Alejandro_Avila:Alejandro_Avila_0001,origin,origin_512,512,512,True,reconstruction,0.0,0.0,1.0,False,population-c1b696495d2787e584b4639d,lfw,arcface-7972a704552df378345f,origin-embedding-f6075b200c4a4c725fdee462,lfw:Alejandro_Avila,True,1,lfw:Alejandro_Avila:Alejandro_Avila_0001,lfw:Alejandro_Avila:Alejandro_Avila_0001,lfw:Alejandro_Avila,lfw:Alejandro_Avila,1.0000001192092896,1.0000001192092896,1.0000000010559775,1.0000000010559775,0.0,-1.1815331202313928e-07,True,True,1.0,True,True,True,True,,,,,,,,,,['lfw:Alejandro_Avila:Alejandro_Avila_0001'],['lfw:Alejandro_Avila:Alejandro_Avila_0001'],['lfw:Alejandro_Avila'],['lfw:Alejandro_Avila'],[1.00000012],[1.00000012],True,lfw:Alejandro_Avila,calibration:49f688f0589b173e,origin_leave_one_out_identity_cosine,2,True,eligible,0.6791345477104187,a566a62357f0c55b679d9ff2f022a294486568be0c00665d39029d0e46a8109b,3976664d86e41199f7fd522aa9c1d70decf380ca8b2da9b6d2ee84d6dc4c03a9,25.735265731811523,saliency-36a49e9f24f8da2b969ac5ca,layer4.2.conv2,none,True,20,0.2004830993506125,0.2367511292588022,0.3627352546735462,0.20003051671703906,0.5632355999204643,0.5712249368601708,0.36298468656787963,0.358752588549866,0.7160359996419828,9.103967815637589,True,,,,,,,,,False,0.0,0.3627352546735462,0.6791346073150635,0.774260938167572,0.006486815866082907,True,1.0,5.960464477539063e-08,0.1,0.040776610374450684,-0.015226960182189941,0.01295924186706543,0.018859296219554636,0.056003570556640625,0.027817368507385254
lfw:Alejandro_Avila:Alejandro_Avila_0002,origin,origin_512,512,512,True,reconstruction,0.0,0.0,1.0,False,population-c1b696495d2787e584b4639d,lfw,arcface-7972a704552df378345f,origin-embedding-f6075b200c4a4c725fdee462,lfw:Alejandro_Avila,True,1,lfw:Alejandro_Avila:Alejandro_Avila_0002,lfw:Alejandro_Avila:Alejandro_Avila_0002,lfw:Alejandro_Avila,lfw:Alejandro_Avila,0.9999999403953552,0.9999999403953552,1.0000000856185594,1.0000000856185594,0.0,1.4522320412879708e-07,True,True,1.0,True,True,True,True,,,,,,,,,,['lfw:Alejandro_Avila:Alejandro_Avila_0002'],['lfw:Alejandro_Avila:Alejandro_Avila_0002'],['lfw:Alejandro_Avila'],['lfw:Alejandro_Avila'],[0.99999994],[0.99999994],True,lfw:Alejandro_Avila,calibration:49f688f0589b173e,origin_leave_one_out_identity_cosine,2,True,eligible,0.6709562540054321,a566a62357f0c55b679d9ff2f022a294486568be0c00665d39029d0e46a8109b,3976664d86e41199f7fd522aa9c1d70decf380ca8b2da9b6d2ee84d6dc4c03a9,24.633018493652344,saliency-36a49e9f24f8da2b969ac5ca,layer4.2.conv2,none,True,21,0.1428635104371251,0.17642734348152253,0.26530938786577873,0.4153997582155736,0.5953481060896677,0.6747774086108702,0.4124311226084697,0.4200459240944152,0.8461561481298144,11.697084916755557,True,,,,,,,,,False,0.0,0.4153997582155736,0.6709562540054321,0.7861129641532898,0.007798491045832634,True,1.0,0.0,0.1,0.07361948490142822,0.09227460622787476,0.09525758028030396,0.027168701568611373,-0.018655121326446533,-0.021638095378875732
lfw:Alejandro_Avila:Alejandro_Avila_0003,origin,origin_512,512,512,True,reconstruction,0.0,0.0,1.0,False,population-c1b696495d2787e584b4639d,lfw,arcface-7972a704552df378345f,origin-embedding-f6075b200c4a4c725fdee462,lfw:Alejandro_Avila,True,1,lfw:Alejandro_Avila:Alejandro_Avila_0003,lfw:Alejandro_Avila:Alejandro_Avila_0003,lfw:Alejandro_Avila,lfw:Alejandro_Avila,0.9999999403953552,0.9999999403953552,1.0000000484911467,1.0000000484911467,0.0,1.0809579142900816e-07,True,True,1.0,True,True,True,True,,,,,,,,,,['lfw:Alejandro_Avila:Alejandro_Avila_0003'],['lfw:Alejandro_Avila:Alejandro_Avila_0003'],['lfw:Alejandro_Avila'],['lfw:Alejandro_Avila'],[0.99999994],[0.99999994],True,lfw:Alejandro_Avila,calibration:49f688f0589b173e,origin_leave_one_out_identity_cosine,2,True,eligible,0.6349112391471863,a566a62357f0c55b679d9ff2f022a294486568be0c00665d39029d0e46a8109b,3976664d86e41199f7fd522aa9c1d70decf380ca8b2da9b6d2ee84d6dc4c03a9,22.344240188598633,saliency-36a49e9f24f8da2b969ac5ca,layer4.2.conv2,none,True,22,0.45019092842825786,0.08760674860190641,0.26106357427500015,0.20113874869483556,0.44848058176465494,0.5012117503261128,0.5855332314608157,0.5148025459034863,0.5909549514815671,4.6575175151228905,True,,,,,,,,,False,0.0,0.45019092842825786,0.634911060333252,0.9682436585426331,0.0007490216521546245,True,0.9999999403953552,1.7881393432617188e-07,0.1,0.015632152557373047,0.006882905960083008,-0.012330412864685059,0.013861321880175758,0.008749246597290039,0.027962565422058105
lfw:Alejandro_Lembo:Alejandro_Lembo_0001,origin,origin_512,512,512,True,reconstruction,0.0,0.0,1.0,False,population-c1b696495d2787e584b4639d,lfw,arcface-7972a704552df378345f,origin-embedding-f6075b200c4a4c725fdee462,lfw:Alejandro_Lembo,True,1,lfw:Alejandro_Lembo:Alejandro_Lembo_0001,lfw:Alejandro_Lembo:Alejandro_Lembo_0001,lfw:Alejandro_Lembo,lfw:Alejandro_Lembo,0.9999998807907104,0.9999998807907104,1.000000037748603,1.000000037748603,0.0,1.569578924609516e-07,True,True,1.0,True,True,True,True,,,,,,,,,,['lfw:Alejandro_Lembo:Alejandro_Lembo_0001'],['lfw:Alejandro_Lembo:Alejandro_Lembo_0001'],['lfw:Alejandro_Lembo'],['lfw:Alejandro_Lembo'],[0.99999988],[0.99999988],True,lfw:Alejandro_Lembo,calibration:49f688f0589b173e,origin_leave_one_out_identity_cosine,0,False,singleton_identity,,a566a62357f0c55b679d9ff2f022a294486568be0c00665d39029d0e46a8109b,3976664d86e41199f7fd522aa9c1d70decf380ca8b2da9b6d2ee84d6dc4c03a9,26.08315658569336,saliency-36a49e9f24f8da2b969ac5ca,layer4.2.conv2,none,False,-1,,,,,,,,,,,,,,,,,,,,,,,,,,,,,,,,,,,
lfw:Alejandro_Toledo:Alejandro_Toledo_0001,origin,origin_512,512,512,True,reconstruction,0.0,0.0,1.0,False,population-c1b696495d2787e584b4639d,lfw,arcface-7972a704552df378345f,origin-embedding-f6075b200c4a4c725fdee462,lfw:Alejandro_Toledo,True,1,lfw:Alejandro_Toledo:Alejandro_Toledo_0001,lfw:Alejandro_Toledo:Alejandro_Toledo_0001,lfw:Alejandro_Toledo,lfw:Alejandro_Toledo,1.0,1.0,1.000000122232576,1.000000122232576,0.0,1.2223257606081006e-07,True,True,1.0,True,True,True,True,,,,,,,,,,['lfw:Alejandro_Toledo:Alejandro_Toledo_0001'],['lfw:Alejandro_Toledo:Alejandro_Toledo_0001'],['lfw:Alejandro_Toledo'],['lfw:Alejandro_Toledo'],[1.],[1.],True,lfw:Alejandro_Toledo,calibration:49f688f0589b173e,origin_leave_one_out_identity_cosine,38,True,eligible,0.7746098637580872,a566a62357f0c55b679d9ff2f022a294486568be0c00665d39029d0e46a8109b,3976664d86e41199f7fd522aa9c1d70decf380ca8b2da9b6d2ee84d6dc4c03a9,22.803192138671875,saliency-36a49e9f24f8da2b969ac5ca,layer4.2.conv2,none,True,23,0.20856279039000988,0.41194857518915773,0.15935655146458777,0.22013208295624462,0.6804587342655981,0.3890566058811734,0.4598136381514205,0.5845035028753442,0.7324832043022823,8.280632102862,True,,,,,,,,,False,0.0,0.41194857518915773,0.7746098041534424,0.7623383402824402,0.00276788417249918,True,1.0,5.960464477539063e-08,0.1,-0.0056760311126708984,0.08009403944015503,0.016149282455444336,0.0155227093955596,-0.08577007055282593,-0.021825313568115234
lfw:Alejandro_Toledo:Alejandro_Toledo_0002,origin,origin_512,512,512,True,reconstruction,0.0,0.0,1.0,False,population-c1b696495d2787e584b4639d,lfw,arcface-7972a704552df378345f,origin-embedding-f6075b200c4a4c725fdee462,lfw:Alejandro_Toledo,True,1,lfw:Alejandro_Toledo:Alejandro_Toledo_0002,lfw:Alejandro_Toledo:Alejandro_Toledo_0002,lfw:Alejandro_Toledo,lfw:Alejandro_Toledo,0.9999998807907104,0.9999998807907104,1.0000000099754756,1.0000000099754756,0.0,1.2918476510748178e-07,True,True,1.0,True,True,True,True,,,,,,,,,,['lfw:Alejandro_Toledo:Alejandro_Toledo_0002'],['lfw:Alejandro_Toledo:Alejandro_Toledo_0002'],['lfw:Alejandro_Toledo'],['lfw:Alejandro_Toledo'],[0.99999988],[0.99999988],True,lfw:Alejandro_Toledo,calibration:49f688f0589b173e,origin_leave_one_out_identity_cosine,38,True,eligible,0.8082199096679688,a566a62357f0c55b679d9ff2f022a294486568be0c00665d39029d0e46a8109b,3976664d86e41199f7fd522aa9c1d70decf380ca8b2da9b6d2ee84d6dc4c03a9,23.616296768188477,saliency-36a49e9f24f8da2b969ac5ca,layer4.2.conv2,none,True,24,0.32316433485980794,0.3068674044346984,0.24429048038646828,0.12567778031902535,0.5456410164017196,0.45064940498969197,0.4046888015809581,0.3286527592141316,0.9152317379455669,15.567819231189787,True,,,,,,,,,False,0.0,0.32316433485980794,0.8082200288772583,0.6833964586257935,0.010887064039707184,True,1.0,1.1920928955078125e-07,0.1,0.1734253168106079,-0.0061241984367370605,0.06049776077270508,0.014055787230262613,0.17954951524734497,0.11292755603790283
lfw:Alejandro_Toledo:Alejandro_Toledo_0003,origin,origin_512,512,512,True,reconstruction,0.0,0.00033180644616003657,0.9999999449522416,False,population-c1b696495d2787e584b4639d,lfw,arcface-7972a704552df378345f,origin-embedding-f6075b200c4a4c725fdee462,lfw:Alejandro_Toledo,True,1,lfw:Alejandro_Toledo:Alejandro_Toledo_0003,lfw:Alejandro_Toledo:Alejandro_Toledo_0003,lfw:Alejandro_Toledo,lfw:Alejandro_Toledo,0.9999998807907104,0.9999998807907104,0.9999999449522416,0.9999999449522416,0.0,6.416153119914725e-08,True,True,1.0,True,True,True,True,,,,,,,,,,['lfw:Alejandro_Toledo:Alejandro_Toledo_0003'],['lfw:Alejandro_Toledo:Alejandro_Toledo_0003'],['lfw:Alejandro_Toledo'],['lfw:Alejandro_Toledo'],[0.99999988],[0.99999988],True,lfw:Alejandro_Toledo,calibration:49f688f0589b173e,origin_leave_one_out_identity_cosine,38,True,eligible,0.7420945763587952,a566a62357f0c55b679d9ff2f022a294486568be0c00665d39029d0e46a8109b,3976664d86e41199f7fd522aa9c1d70decf380ca8b2da9b6d2ee84d6dc4c03a9,24.2645206451416,saliency-36a49e9f24f8da2b969ac5ca,layer4.2.conv2,none,True,25,0.16340060695384664,0.3655665092117722,0.45582099010497207,0.015211893729409069,0.5288657494689325,0.5362323348775753,0.3802227659255289,0.5964670233256956,0.5103539060680157,3.8127679526805878,True,,,,,,,,,False,0.0,0.45582099010497207,0.7420943975448608,0.7613939046859741,0.0014248837251216173,True,1.0,1.7881393432617188e-07,0.1,0.040730953216552734,0.056734323501586914,0.04544311761856079,0.011314677945404087,-0.01600337028503418,-0.004712164402008057
lfw:Alejandro_Toledo:Alejandro_Toledo_0004,origin,origin_512,512,512,True,reconstruction,0.0,0.0,1.0,False,population-c1b696495d2787e584b4639d,lfw,arcface-7972a704552df378345f,origin-embedding-f6075b200c4a4c725fdee462,lfw:Alejandro_Toledo,True,1,lfw:Alejandro_Toledo:Alejandro_Toledo_0004,lfw:Alejandro_Toledo:Alejandro_Toledo_0004,lfw:Alejandro_Toledo,lfw:Alejandro_Toledo,1.000000238418579,1.000000238418579,1.0000000755715843,1.0000000755715843,0.0,-1.6284699477786546e-07,True,True,1.0,True,True,True,True,,,,,,,,,,['lfw:Alejandro_Toledo:Alejandro_Toledo_0004'],['lfw:Alejandro_Toledo:Alejandro_Toledo_0004'],['lfw:Alejandro_Toledo'],['lfw:Alejandro_Toledo'],[1.00000024],[1.00000024],True,lfw:Alejandro_Toledo,calibration:49f688f0589b173e,origin_leave_one_out_identity_cosine,38,True,eligible,0.8089574575424194,a566a62357f0c55b679d9ff2f022a294486568be0c00665d39029d0e46a8109b,3976664d86e41199f7fd522aa9c1d70decf380ca8b2da9b6d2ee84d6dc4c03a9,20.72391700744629,saliency-36a49e9f24f8da2b969ac5ca,layer4.2.conv2,none,True,26,0.23142624890949784,0.1952755027632903,0.34608937623932484,0.227208872087887,0.4802959267078013,0.5958095606103578,0.438700609540733,0.5249975255515239,0.8402105355601805,7.742238808423281,True,,,,,,,,,False,0.0,0.34608937623932484,0.8089574575424194,0.8085514903068542,0.004190299194306135,True,1.0,0.0,0.1,0.051618218421936035,0.03406167030334473,0.04058384895324707,0.0027444152795086134,0.01755654811859131,0.011034369468688965
lfw:Alejandro_Toledo:Alejandro_Toledo_0005,origin,origin_512,512,512,True,reconstruction,0.0,0.0,1.0,False,population-c1b696495d2787e584b4639d,lfw,arcface-7972a704552df378345f,origin-embedding-f6075b200c4a4c725fdee462,lfw:Alejandro_Toledo,True,1,lfw:Alejandro_Toledo:Alejandro_Toledo_0005,lfw:Alejandro_Toledo:Alejandro_Toledo_0005,lfw:Alejandro_Toledo,lfw:Alejandro_Toledo,1.000000238418579,1.000000238418579,1.0000001055072625,1.0000001055072625,0.0,-1.3291131661929967e-07,True,True,1.0,True,True,True,True,,,,,,,,,,['lfw:Alejandro_Toledo:Alejandro_Toledo_0005'],['lfw:Alejandro_Toledo:Alejandro_Toledo_0005'],['lfw:Alejandro_Toledo'],['lfw:Alejandro_Toledo'],[1.00000024],[1.00000024],True,lfw:Alejandro_Toledo,calibration:49f688f0589b173e,origin_leave_one_out_identity_cosine,38,True,eligible,0.8541750907897949,a566a62357f0c55b679d9ff2f022a294486568be0c00665d39029d0e46a8109b,3976664d86e41199f7fd522aa9c1d70decf380ca8b2da9b6d2ee84d6dc4c03a9,22.297279357910156,saliency-36a49e9f24f8da2b969ac5ca,layer4.2.conv2,none,True,27,0.3310366325105237,0.41723355580934257,0.23019152487691336,0.021538286803220417,0.4680452070751149,0.3816657657167669,0.43301167773699417,0.7769972893202972,0.7403890291320359,6.519968563690782,True,,,,,,,,,False,0.0,0.41723355580934257,0.8541752099990845,0.6602370142936707,0.002736214082688093,True,1.0,1.1920928955078125e-07,0.1,0.029289662837982178,0.03986769914627075,0.04683423042297363,0.015889041685885365,-0.010578036308288574,-0.017544567584991455
lfw:Alejandro_Toledo:Alejandro_Toledo_0006,origin,origin_512,512,512,True,reconstruction,0.0,0.0,1.0,False,population-c1b696495d2787e584b4639d,lfw,arcface-7972a704552df378345f,origin-embedding-f6075b200c4a4c725fdee462,lfw:Alejandro_Toledo,True,1,lfw:Alejandro_Toledo:Alejandro_Toledo_0006,lfw:Alejandro_Toledo:Alejandro_Toledo_0006,lfw:Alejandro_Toledo,lfw:Alejandro_Toledo,1.0000001192092896,1.0000001192092896,1.0000000921370407,1.0000000921370407,0.0,-2.7072248887094474e-08,True,True,1.0,True,True,True,True,,,,,,,,,,['lfw:Alejandro_Toledo:Alejandro_Toledo_0006'],['lfw:Alejandro_Toledo:Alejandro_Toledo_0006'],['lfw:Alejandro_Toledo'],['lfw:Alejandro_Toledo'],[1.00000012],[1.00000012],True,lfw:Alejandro_Toledo,calibration:49f688f0589b173e,origin_leave_one_out_identity_cosine,38,True,eligible,0.8649442195892334,a566a62357f0c55b679d9ff2f022a294486568be0c00665d39029d0e46a8109b,3976664d86e41199f7fd522aa9c1d70decf380ca8b2da9b6d2ee84d6dc4c03a9,21.641090393066406,saliency-36a49e9f24f8da2b969ac5ca,layer4.2.conv2,none,True,28,0.29808209312044326,0.368126310715893,0.22447640765807597,0.10931518850558779,0.5161611880006187,0.455749231390678,0.43750681814443176,0.3538050227073638,0.9002662004339121,14.582560000009835,True,,,,,,,,,False,0.0,0.368126310715893,0.8649440407752991,0.6259135007858276,0.00644248491153121,True,1.0,1.7881393432617188e-07,0.1,0.05574995279312134,0.2397032380104065,0.07274919748306274,0.02781481455552486,-0.18395328521728516,-0.016999244689941406
lfw:Alejandro_Toledo:Alejandro_Toledo_0007,origin,origin_512,512,512,True,reconstruction,0.0,0.0,1.0,False,population-c1b696495d2787e584b4639d,lfw,arcface-7972a704552df378345f,origin-embedding-f6075b200c4a4c725fdee462,lfw:Alejandro_Toledo,True,1,lfw:Alejandro_Toledo:Alejandro_Toledo_0007,lfw:Alejandro_Toledo:Alejandro_Toledo_0007,lfw:Alejandro_Toledo,lfw:Alejandro_Toledo,1.0,1.0,1.0000001057524848,1.0000001057524848,0.0,1.0575248476918375e-07,True,True,1.0,True,True,True,True,,,,,,,,,,['lfw:Alejandro_Toledo:Alejandro_Toledo_0007'],['lfw:Alejandro_Toledo:Alejandro_Toledo_0007'],['lfw:Alejandro_Toledo'],['lfw:Alejandro_Toledo'],[1.],[1.],True,lfw:Alejandro_Toledo,calibration:49f688f0589b173e,origin_leave_one_out_identity_cosine,38,True,eligible,0.90559321641922,a566a62357f0c55b679d9ff2f022a294486568be0c00665d39029d0e46a8109b,3976664d86e41199f7fd522aa9c1d70decf380ca8b2da9b6d2ee84d6dc4c03a9,22.555988311767578,saliency-36a49e9f24f8da2b969ac5ca,layer4.2.conv2,none,True,29,0.27774663617907847,0.07982585500988199,0.5014569227384681,0.14097058607257149,0.3413689347488357,0.5766346359969463,0.48530131166913165,0.6933451054306524,0.6167208264416161,5.445887204259634,True,,,,,,,,,False,0.0,0.5014569227384681,0.9055932760238647,0.5151526927947998,0.0005009150481782854,True,1.0,5.960464477539063e-08,0.1,0.01293790340423584,0.05076742172241211,0.0291023850440979,0.006114336379284022,-0.03782951831817627,-0.01616448163986206
lfw:Alejandro_Toledo:Alejandro_Toledo_0008,origin,origin_512,512,512,True,reconstruction,0.0,0.00038001239153303586,0.999999927795292,False,population-c1b696495d2787e584b4639d,lfw,arcface-7972a704552df378345f,origin-embedding-f6075b200c4a4c725fdee462,lfw:Alejandro_Toledo,True,1,lfw:Alejandro_Toledo:Alejandro_Toledo_0008,lfw:Alejandro_Toledo:Alejandro_Toledo_0008,lfw:Alejandro_Toledo,lfw:Alejandro_Toledo,1.0000001192092896,1.0000001192092896,0.999999927795292,0.999999927795292,0.0,-1.9141399754118993e-07,True,True,1.0,True,True,True,True,,,,,,,,,,['lfw:Alejandro_Toledo:Alejandro_Toledo_0008'],['lfw:Alejandro_Toledo:Alejandro_Toledo_0008'],['lfw:Alejandro_Toledo'],['lfw:Alejandro_Toledo'],[1.00000012],[1.00000012],True,lfw:Alejandro_Toledo,calibration:49f688f0589b173e,origin_leave_one_out_identity_cosine,38,True,eligible,0.8820396661758423,a566a62357f0c55b679d9ff2f022a294486568be0c00665d39029d0e46a8109b,3976664d86e41199f7fd522aa9c1d70decf380ca8b2da9b6d2ee84d6dc4c03a9,22.523162841796875,saliency-36a49e9f24f8da2b969ac5ca,layer4.2.conv2,none,True,30,0.3463610646799564,0.31290071626061017,0.18279197318048557,0.15794624587894784,0.5391792638431897,0.4124958193918989,0.43165756797116267,0.2595883726044703,0.8830282795830046,17.206763476133347,True,,,,,,,,,False,0.0,0.3463610646799564,0.8820397853851318,0.5745350122451782,0.003339239861816168,True,1.0,1.1920928955078125e-07,0.1,0.08481049537658691,0.05729115009307861,0.049863219261169434,0.018485202109924367,0.0275193452835083,0.03494727611541748
lfw:Alejandro_Toledo:Alejandro_Toledo_0009,origin,origin_512,512,512,True,reconstruction,0.0,0.0,1.0,False,population-c1b696495d2787e584b4639d,lfw,arcface-7972a704552df378345f,origin-embedding-f6075b200c4a4c725fdee462,lfw:Alejandro_Toledo,True,1,lfw:Alejandro_Toledo:Alejandro_Toledo_0009,lfw:Alejandro_Toledo:Alejandro_Toledo_0009,lfw:Alejandro_Toledo,lfw:Alejandro_Toledo,1.0000001192092896,1.0000001192092896,1.000000116740292,1.000000116740292,0.0,-2.468997450932875e-09,True,True,1.0,True,True,True,True,,,,,,,,,,['lfw:Alejandro_Toledo:Alejandro_Toledo_0009'],['lfw:Alejandro_Toledo:Alejandro_Toledo_0009'],['lfw:Alejandro_Toledo'],['lfw:Alejandro_Toledo'],[1.00000012],[1.00000012],True,lfw:Alejandro_Toledo,calibration:49f688f0589b173e,origin_leave_one_out_identity_cosine,38,True,eligible,0.8837897777557373,a566a62357f0c55b679d9ff2f022a294486568be0c00665d39029d0e46a8109b,3976664d86e41199f7fd522aa9c1d70decf380ca8b2da9b6d2ee84d6dc4c03a9,22.22926139831543,saliency-36a49e9f24f8da2b969ac5ca,layer4.2.conv2,none,True,31,0.2408914545994831,0.35964588377614387,0.25814622897928535,0.14131643264508764,0.5472101045459538,0.5246605616122432,0.4252382285555203,0.3636303251679604,0.8414750842236064,12.251834915019572,True,,,,,,,,,False,0.0,0.35964588377614387,0.8837897777557373,0.5785470604896545,0.0034135174937546253,True,1.0,0.0,0.1,0.07424068450927734,0.06997191905975342,0.03979599475860596,0.008925637837371433,0.004268765449523926,0.03444468975067139
lfw:Alejandro_Toledo:Alejandro_Toledo_0010,origin,origin_512,512,512,True,reconstruction,0.0,0.0,1.0,False,population-c1b696495d2787e584b4639d,lfw,arcface-7972a704552df378345f,origin-embedding-f6075b200c4a4c725fdee462,lfw:Alejandro_Toledo,True,1,lfw:Alejandro_Toledo:Alejandro_Toledo_0010,lfw:Alejandro_Toledo:Alejandro_Toledo_0010,lfw:Alejandro_Toledo,lfw:Alejandro_Toledo,1.0,1.0,1.000000007867401,1.000000007867401,0.0,7.867400952932257e-09,True,True,1.0,True,True,True,True,,,,,,,,,,['lfw:Alejandro_Toledo:Alejandro_Toledo_0010'],['lfw:Alejandro_Toledo:Alejandro_Toledo_0010'],['lfw:Alejandro_Toledo'],['lfw:Alejandro_Toledo'],[1.],[1.],True,lfw:Alejandro_Toledo,calibration:49f688f0589b173e,origin_leave_one_out_identity_cosine,38,True,eligible,0.8258571624755859,a566a62357f0c55b679d9ff2f022a294486568be0c00665d39029d0e46a8109b,3976664d86e41199f7fd522aa9c1d70decf380ca8b2da9b6d2ee84d6dc4c03a9,24.022171020507812,saliency-36a49e9f24f8da2b969ac5ca,layer4.2.conv2,none,True,32,0.4406954190588067,0.38538365162022825,0.06460426534755401,0.10931666397341103,0.6053634666464393,0.44333999778586874,0.4256982578300683,0.5089093292314452,0.705915357196805,7.898967114277184,True,,,,,,,,,False,0.0,0.4406954190588067,0.8258572816848755,0.6444752812385559,0.0026672324165701866,True,1.0,1.1920928955078125e-07,0.1,0.062269628047943115,0.09576416015625,0.061736226081848145,0.020392617722136713,-0.033494532108306885,0.0005334019660949707
lfw:Alejandro_Toledo:Alejandro_Toledo_0011,origin,origin_512,512,512,True,reconstruction,0.0,0.0,1.0,False,population-c1b696495d2787e584b4639d,lfw,arcface-7972a704552df378345f,origin-embedding-f6075b200c4a4c725fdee462,lfw:Alejandro_Toledo,True,1,lfw:Alejandro_Toledo:Alejandro_Toledo_0011,lfw:Alejandro_Toledo:Alejandro_Toledo_0011,lfw:Alejandro_Toledo,lfw:Alejandro_Toledo,1.0,1.0,1.0000000772248705,1.0000000772248705,0.0,7.722487049832694e-08,True,True,1.0,True,True,True,True,,,,,,,,,,['lfw:Alejandro_Toledo:Alejandro_Toledo_0011'],['lfw:Alejandro_Toledo:Alejandro_Toledo_0011'],['lfw:Alejandro_Toledo'],['lfw:Alejandro_Toledo'],[1.],[1.],True,lfw:Alejandro_Toledo,calibration:49f688f0589b173e,origin_leave_one_out_identity_cosine,38,True,eligible,0.8051158785820007,a566a62357f0c55b679d9ff2f022a294486568be0c00665d39029d0e46a8109b,3976664d86e41199f7fd522aa9c1d70decf380ca8b2da9b6d2ee84d6dc4c03a9,23.41929054260254,saliency-36a49e9f24f8da2b969ac5ca,layer4.2.conv2,none,True,33,0.5061120699766546,0.06415339930420401,0.2850465760562827,0.14468795466285872,0.36811426785953283,0.6053549703911172,0.34681754286356864,0.576260715955704,0.5646765500485742,4.093908809125423,True,,,,,,,,,False,0.0,0.5061120699766546,0.8051156401634216,0.7063705325126648,0.001351812737993896,True,0.9999998807907104,2.384185791015625e-07,0.1,0.07358211278915405,0.020739734172821045,0.04379773139953613,0.01091633834142351,0.05284237861633301,0.02978438138961792
lfw:Alejandro_Toledo:Alejandro_Toledo_0012,origin,origin_512,512,512,True,reconstruction,0.0,0.0,1.0,False,population-c1b696495d2787e584b4639d,lfw,arcface-7972a704552df378345f,origin-embedding-f6075b200c4a4c725fdee462,lfw:Alejandro_Toledo,True,1,lfw:Alejandro_Toledo:Alejandro_Toledo_0012,lfw:Alejandro_Toledo:Alejandro_Toledo_0012,lfw:Alejandro_Toledo,lfw:Alejandro_Toledo,0.9999998807907104,0.9999998807907104,1.0000000028937615,1.0000000028937615,0.0,1.2210305100346375e-07,True,True,1.0,True,True,True,True,,,,,,,,,,['lfw:Alejandro_Toledo:Alejandro_Toledo_0012'],['lfw:Alejandro_Toledo:Alejandro_Toledo_0012'],['lfw:Alejandro_Toledo'],['lfw:Alejandro_Toledo'],[0.99999988],[0.99999988],True,lfw:Alejandro_Toledo,calibration:49f688f0589b173e,origin_leave_one_out_identity_cosine,38,True,eligible,0.8642070889472961,a566a62357f0c55b679d9ff2f022a294486568be0c00665d39029d0e46a8109b,3976664d86e41199f7fd522aa9c1d70decf380ca8b2da9b6d2ee84d6dc4c03a9,21.61705207824707,saliency-36a49e9f24f8da2b969ac5ca,layer4.2.conv2,none,True,34,0.33554598501776917,0.423017391343653,0.16410949124237714,0.0773271323962007,0.5379922836068217,0.3853335904016728,0.44213957509374835,0.463623753219633,0.8517258626747457,10.718839607201517,True,,,,,,,,,False,0.0,0.423017391343653,0.8642073273658752,0.6275885701179504,0.004029677249491215,True,0.9999999403953552,2.384185791015625e-07,0.1,0.03468078374862671,0.209575355052948,0.06163305044174194,0.009610956610262143,-0.1748945713043213,-0.026952266693115234
lfw:Alejandro_Toledo:Alejandro_Toledo_0013,origin,origin_512,512,512,True,reconstruction,0.0,5.3193931395269745e-05,0.9999999985852028,False,population-c1b696495d2787e584b4639d,lfw,arcface-7972a704552df378345f,origin-embedding-f6075b200c4a4c725fdee462,lfw:Alejandro_Toledo,True,1,lfw:Alejandro_Toledo:Alejandro_Toledo_0013,lfw:Alejandro_Toledo:Alejandro_Toledo_0013,lfw:Alejandro_Toledo,lfw:Alejandro_Toledo,0.9999998807907104,0.9999998807907104,0.9999999985852028,0.9999999985852028,0.0,1.1779449238247253e-07,True,True,1.0,True,True,True,True,,,,,,,,,,['lfw:Alejandro_Toledo:Alejandro_Toledo_0013'],['lfw:Alejandro_Toledo:Alejandro_Toledo_0013'],['lfw:Alejandro_Toledo'],['lfw:Alejandro_Toledo'],[0.99999988],[0.99999988],True,lfw:Alejandro_Toledo,calibration:49f688f0589b173e,origin_leave_one_out_identity_cosine,38,True,eligible,0.864635169506073,a566a62357f0c55b679d9ff2f022a294486568be0c00665d39029d0e46a8109b,3976664d86e41199f7fd522aa9c1d70decf380ca8b2da9b6d2ee84d6dc4c03a9,24.441617965698242,saliency-36a49e9f24f8da2b969ac5ca,layer4.2.conv2,none,True,35,0.6173649604865802,0.1790236515189879,0.0,0.20361138799443193,0.5637940263944501,0.35248523022114436,0.4922910735794565,0.6552213235069582,0.5400218829837682,4.5993404518812895,True,,,,,,,,,False,0.0,0.6173649604865802,0.8646350502967834,0.5576990842819214,0.0006729334127157927,True,1.0,1.1920928955078125e-07,0.1,0.013108313083648682,0.04312866926193237,0.04251068830490112,0.004506773265124202,-0.03002035617828369,-0.02940237522125244
lfw:Alejandro_Toledo:Alejandro_Toledo_0014,origin,origin_512,512,512,True,reconstruction,0.0,0.0,1.0,False,population-c1b696495d2787e584b4639d,lfw,arcface-7972a704552df378345f,origin-embedding-f6075b200c4a4c725fdee462,lfw:Alejandro_Toledo,True,1,lfw:Alejandro_Toledo:Alejandro_Toledo_0014,lfw:Alejandro_Toledo:Alejandro_Toledo_0014,lfw:Alejandro_Toledo,lfw:Alejandro_Toledo,1.000000238418579,1.000000238418579,1.0000001445278017,1.0000001445278017,0.0,-9.38907773750941e-08,True,True,1.0,True,True,True,True,,,,,,,,,,['lfw:Alejandro_Toledo:Alejandro_Toledo_0014'],['lfw:Alejandro_Toledo:Alejandro_Toledo_0014'],['lfw:Alejandro_Toledo'],['lfw:Alejandro_Toledo'],[1.00000024],[1.00000024],True,lfw:Alejandro_Toledo,calibration:49f688f0589b173e,origin_leave_one_out_identity_cosine,38,True,eligible,0.806087076663971,a566a62357f0c55b679d9ff2f022a294486568be0c00665d39029d0e46a8109b,3976664d86e41199f7fd522aa9c1d70decf380ca8b2da9b6d2ee84d6dc4c03a9,22.355886459350586,saliency-36a49e9f24f8da2b969ac5ca,layer4.2.conv2,none,True,36,0.15094667659873834,0.5055415992209373,0.31218056679090733,0.03133115738941701,0.5969799532547838,0.4667438746551252,0.41761425486659787,0.5333934120601396,0.642624049091451,4.918939913157374,True,,,,,,,,,False,0.0,0.5055415992209373,0.8060871958732605,0.7477211952209473,0.002299234736710787,True,0.9999999403953552,1.1920928955078125e-07,0.1,0.0162237286567688,0.07196581363677979,0.04123133420944214,0.009451011378601258,-0.055742084980010986,-0.02500760555267334
lfw:Alejandro_Toledo:Alejandro_Toledo_0015,origin,origin_512,512,512,True,reconstruction,0.0,0.0,1.0,False,population-c1b696495d2787e584b4639d,lfw,arcface-7972a704552df378345f,origin-embedding-f6075b200c4a4c725fdee462,lfw:Alejandro_Toledo,True,1,lfw:Alejandro_Toledo:Alejandro_Toledo_0015,lfw:Alejandro_Toledo:Alejandro_Toledo_0015,lfw:Alejandro_Toledo,lfw:Alejandro_Toledo,0.9999999403953552,0.9999999403953552,1.0000000123068549,1.0000000123068549,0.0,7.191149964391741e-08,True,True,1.0,True,True,True,True,,,,,,,,,,['lfw:Alejandro_Toledo:Alejandro_Toledo_0015'],['lfw:Alejandro_Toledo:Alejandro_Toledo_0015'],['lfw:Alejandro_Toledo'],['lfw:Alejandro_Toledo'],[0.99999994],[0.99999994],True,lfw:Alejandro_Toledo,calibration:49f688f0589b173e,origin_leave_one_out_identity_cosine,38,True,eligible,0.8595016002655029,a566a62357f0c55b679d9ff2f022a294486568be0c00665d39029d0e46a8109b,3976664d86e41199f7fd522aa9c1d70decf380ca8b2da9b6d2ee84d6dc4c03a9,26.163490295410156,saliency-36a49e9f24f8da2b969ac5ca,layer4.2.conv2,none,True,37,0.4822954462237454,0.24184610467624518,0.23602694684132058,0.039831502258688846,0.4907243541602982,0.45529012916741785,0.37368147208308045,0.5064949487955578,0.7621903264476793,7.26140101859346,True,,,,,,,,,False,0.0,0.4822954462237454,0.8595014810562134,0.5381550192832947,0.003331801388412714,True,1.0,1.1920928955078125e-07,0.1,0.062058448791503906,0.036155104637145996,0.05358928442001343,0.012885947031052022,0.02590334415435791,0.008469164371490479
lfw:Alejandro_Toledo:Alejandro_Toledo_0016,origin,origin_512,512,512,True,reconstruction,0.0,0.0002959214982951462,0.9999999562152337,False,population-c1b696495d2787e584b4639d,lfw,arcface-7972a704552df378345f,origin-embedding-f6075b200c4a4c725fdee462,lfw:Alejandro_Toledo,True,1,lfw:Alejandro_Toledo:Alejandro_Toledo_0016,lfw:Alejandro_Toledo:Alejandro_Toledo_0016,lfw:Alejandro_Toledo,lfw:Alejandro_Toledo,1.0,1.0,0.9999999562152337,0.9999999562152337,0.0,-4.378476625710448e-08,True,True,1.0,True,True,True,True,,,,,,,,,,['lfw:Alejandro_Toledo:Alejandro_Toledo_0016'],['lfw:Alejandro_Toledo:Alejandro_Toledo_0016'],['lfw:Alejandro_Toledo'],['lfw:Alejandro_Toledo'],[1.],[1.],True,lfw:Alejandro_Toledo,calibration:49f688f0589b173e,origin_leave_one_out_identity_cosine,38,True,eligible,0.8280515670776367,a566a62357f0c55b679d9ff2f022a294486568be0c00665d39029d0e46a8109b,3976664d86e41199f7fd522aa9c1d70decf380ca8b2da9b6d2ee84d6dc4c03a9,23.699180603027344,saliency-36a49e9f24f8da2b969ac5ca,layer4.2.conv2,none,True,38,0.42001418761519416,0.364820796590396,0.1468266233018521,0.06833839249255776,0.5110621412966385,0.2913877369229579,0.451912270228751,0.3972252018295578,0.7822537856550328,7.309376399964094,True,,,,,,,,,False,0.0,0.42001418761519416,0.8280516266822815,0.6602139472961426,0.0028429822996258736,True,0.9999999403953552,5.960464477539063e-08,0.1,0.019179582595825195,0.04680699110031128,0.06588101387023926,0.01202934447353114,-0.027627408504486084,-0.04670143127441406
lfw:Alejandro_Toledo:Alejandro_Toledo_0017,origin,origin_512,512,512,True,reconstruction,0.0,0.000130111212495186,0.9999999915355362,False,population-c1b696495d2787e584b4639d,lfw,arcface-7972a704552df378345f,origin-embedding-f6075b200c4a4c725fdee462,lfw:Alejandro_Toledo,True,1,lfw:Alejandro_Toledo:Alejandro_Toledo_0017,lfw:Alejandro_Toledo:Alejandro_Toledo_0017,lfw:Alejandro_Toledo,lfw:Alejandro_Toledo,1.000000238418579,1.000000238418579,0.9999999915355362,0.9999999915355362,0.0,-2.4688304289810503e-07,True,True,1.0,True,True,True,True,,,,,,,,,,['lfw:Alejandro_Toledo:Alejandro_Toledo_0017'],['lfw:Alejandro_Toledo:Alejandro_Toledo_0017'],['lfw:Alejandro_Toledo'],['lfw:Alejandro_Toledo'],[1.00000024],[1.00000024],True,lfw:Alejandro_Toledo,calibration:49f688f0589b173e,origin_leave_one_out_identity_cosine,38,True,eligible,0.8576307892799377,a566a62357f0c55b679d9ff2f022a294486568be0c00665d39029d0e46a8109b,3976664d86e41199f7fd522aa9c1d70decf380ca8b2da9b6d2ee84d6dc4c03a9,24.570894241333008,saliency-36a49e9f24f8da2b969ac5ca,layer4.2.conv2,none,True,39,0.3547158834903668,0.2414379993825071,0.2617721018612727,0.14207401526585337,0.4685584105555601,0.4749651514808562,0.4319088537734647,0.4109867959808235,0.8961767022134299,14.984943086281419,True,,,,,,,,,False,0.0,0.3547158834903668,0.8576309084892273,0.563113808631897,0.004596143029630184,True,1.0,1.1920928955078125e-07,0.1,0.020142853260040283,0.05345946550369263,0.04645031690597534,0.01037645156521492,-0.033316612243652344,-0.02630746364593506
