dataset,model_uid,run_id,summary_artifact_type,summary_claim_status,derived_evaluation_paper_eligible,compression_family,compression_profile,search_mode,threshold_policy,target_fpir,compressed_score_space,compressed_dir_rank1,compressed_fpir,origin_false_accept_count,origin_fpir_denominator,origin_realized_fpir,compressed_false_accept_count,compressed_fpir_denominator,compressed_realized_fpir,origin_fpir_wilson95_low,origin_fpir_wilson95_high,compressed_fpir_wilson95_low,compressed_fpir_wilson95_high,origin_dir_rank1_wilson95_low,origin_dir_rank1_wilson95_high,compressed_dir_rank1_wilson95_low,compressed_dir_rank1_wilson95_high,compressed_minus_origin_fpir,compressed_minus_origin_fpir_paired_bootstrap95_low,compressed_minus_origin_fpir_paired_bootstrap95_high,compressed_minus_origin_dir_rank1,compressed_minus_origin_dir_rank1_paired_bootstrap95_low,compressed_minus_origin_dir_rank1_paired_bootstrap95_high,storage_bytes_per_embedding,codebook_bytes,gallery_template_count,compressed_gallery_storage_bytes,amortized_storage_bytes_per_gallery_template,compressed_search_latency_ms_per_query,compressed_search_queries_per_second,accept_to_reject_count,accept_to_reject_rate,reject_to_accept_count,reject_to_accept_rate
rfw_custom,magface-6931178ad2025e1b3799,20260810-R001-5304b105,step4_search_space_multi_fpir_v4,validation_required,True,pca,pca_32,pca_direct_cosine,frozen_origin,0.01,cosine_similarity,0.827963917526,1,1647,11959,0.137720545196,11959,11959,1,0.131660536632,0.14401322116,0.999678884082,1,0.981761651347,0.989973889225,0.81428346936,0.840833603688,0.862279454804,0.855840789364,0.868300025086,-0.158505154639,-0.171713917526,-0.145932667526,128,0,1200,221184,184.32,0.07956511983,12568.321422,0,0,10346,0.686848569342
rfw_custom,magface-6931178ad2025e1b3799,20260810-R001-5304b105,step4_search_space_multi_fpir_v4,validation_required,True,pca,pca_64,pca_direct_cosine,frozen_origin,0.01,cosine_similarity,0.955863402062,0.989296763943,1647,11959,0.137720545196,11831,11959,0.989296763943,0.131660536632,0.14401322116,0.98728899992,0.990990286007,0.981761651347,0.989973889225,0.948056669927,0.96254319094,0.851576218747,0.845219081863,0.857764027093,-0.0306056701031,-0.0370570231959,-0.0238402061856,256,0,1200,440320,366.933333333,0.0754370045807,13256.0936845,4,0.000265551350992,10221,0.678550089624
rfw_custom,magface-6931178ad2025e1b3799,20260810-R001-5304b105,step4_search_space_multi_fpir_v4,validation_required,True,pca,pca_128,pca_direct_cosine,frozen_origin,0.01,cosine_similarity,0.986791237113,0.27435404298,1647,11959,0.137720545196,3281,11959,0.27435404298,0.131660536632,0.14401322116,0.266430611277,0.2824223917,0.981761651347,0.989973889225,0.982130827039,0.990248247004,0.136633497784,0.129776737185,0.143573877414,0.000322164948454,-0.00257731958763,0.00322164948454,512,0,1200,878592,732.16,0.0777329682002,12864.5544246,220,0.0146053243046,1865,0.1238133174
rfw_custom,magface-6931178ad2025e1b3799,20260810-R001-5304b105,step4_search_space_multi_fpir_v4,validation_required,True,pca,pca_256,pca_direct_cosine,frozen_origin,0.01,cosine_similarity,0.98550257732,0.0801906513923,1647,11959,0.137720545196,959,11959,0.0801906513923,0.131660536632,0.14401322116,0.0754568123535,0.08519410536,0.981761651347,0.989973889225,0.980657480892,0.989147459269,-0.0575298938038,-0.0620453215152,-0.0532653231876,-0.000966494845361,-0.00289948453608,0.000644329896907,1024,0,1200,1755136,1462.61333333,0.076157445396,13130.6925383,703,0.0466706499369,10,0.000663878377481
rfw_custom,magface-6931178ad2025e1b3799,20260810-R001-5304b105,step4_search_space_multi_fpir_v4,validation_required,True,pca,pca_384,pca_direct_cosine,frozen_origin,0.01,cosine_similarity,0.98550257732,0.0801070323606,1647,11959,0.137720545196,958,11959,0.0801070323606,0.131660536632,0.14401322116,0.0753755355297,0.0851081978232,0.981761651347,0.989973889225,0.980657480892,0.989147459269,-0.0576135128355,-0.0621289405469,-0.0533468517435,-0.000966494845361,-0.00289948453608,0.000644329896907,1536,0,1200,2631680,2193.06666667,0.0815066122286,12268.9432508,704,0.0467370377747,10,0.000663878377481
rfw_custom,magface-6931178ad2025e1b3799,20260810-R001-5304b105,step4_search_space_multi_fpir_v4,validation_required,True,pca,pca_32,pca_direct_cosine,recalibrated_compressed,0.01,cosine_similarity,0.736469072165,0.132536165231,1647,11959,0.137720545196,1585,11959,0.132536165231,0.131660536632,0.14401322116,0.126576933528,0.138731393908,0.981761651347,0.989973889225,0.720685442031,0.751668125373,-0.00518437996488,-0.0132118070073,0.00334476126766,-0.25,-0.265149806701,-0.233891752577,128,0,1200,221184,184.32,0.07956511983,12568.321422,2015,0.133771493062,1296,0.0860386377216
rfw_custom,magface-6931178ad2025e1b3799,20260810-R001-5304b105,step4_search_space_multi_fpir_v4,validation_required,True,pca,pca_64,pca_direct_cosine,recalibrated_compressed,0.01,cosine_similarity,0.934600515464,0.142319591939,1647,11959,0.137720545196,1702,11959,0.142319591939,0.131660536632,0.14401322116,0.136172650461,0.148696247163,0.981761651347,0.989973889225,0.925354759483,0.942771892326,0.00459904674304,-0.00317961368007,0.0126264737854,-0.051868556701,-0.0599226804124,-0.0441365979381,256,0,1200,440320,366.933333333,0.0754370045807,13256.0936845,1230,0.0816570404302,1165,0.0773418309766
rfw_custom,magface-6931178ad2025e1b3799,20260810-R001-5304b105,step4_search_space_multi_fpir_v4,validation_required,True,pca,pca_128,pca_direct_cosine,recalibrated_compressed,0.01,cosine_similarity,0.980992268041,0.134124926833,1647,11959,0.137720545196,1604,11959,0.134124926833,0.131660536632,0.14401322116,0.128134490862,0.140350339425,0.981761651347,0.989973889225,0.975560229537,0.985235242035,-0.00359561836274,-0.00911447445439,0.0020068567606,-0.00547680412371,-0.0090206185567,-0.00225515463918,512,0,1200,878592,732.16,0.0777329682002,12864.5544246,595,0.0395007634601,537,0.0356502688707
rfw_custom,magface-6931178ad2025e1b3799,20260810-R001-5304b105,step4_search_space_multi_fpir_v4,validation_required,True,pca,pca_256,pca_direct_cosine,recalibrated_compressed,0.01,cosine_similarity,0.987113402062,0.129693118154,1647,11959,0.137720545196,1551,11959,0.129693118154,0.131660536632,0.14401322116,0.12379045197,0.135833607206,0.981761651347,0.989973889225,0.982500595036,0.990522012477,-0.00802742704239,-0.0115394263734,-0.00459904674304,0.000644329896907,-0.00128865979381,0.00289948453608,1024,0,1200,1755136,1462.61333333,0.076157445396,13130.6925383,278,0.018455818894,185,0.0122817499834
rfw_custom,magface-6931178ad2025e1b3799,20260810-R001-5304b105,step4_search_space_multi_fpir_v4,validation_required,True,pca,pca_384,pca_direct_cosine,recalibrated_compressed,0.01,cosine_similarity,0.987113402062,0.129275022995,1647,11959,0.137720545196,1546,11959,0.129275022995,0.131660536632,0.14401322116,0.123380755105,0.135407382269,0.981761651347,0.989973889225,0.982500595036,0.990522012477,-0.00844552220085,-0.0119575215319,-0.00510076093319,0.000644329896907,-0.00128865979381,0.00289948453608,1536,0,1200,2631680,2193.06666667,0.0815066122286,12268.9432508,278,0.018455818894,180,0.0119498107947
rfw_custom,magface-6931178ad2025e1b3799,20260810-R001-5304b105,step4_search_space_multi_fpir_v4,validation_required,True,pca,pca_32,pca_reconstruction_cosine,frozen_origin,0.01,cosine_similarity,0.827963917526,1,1647,11959,0.137720545196,11959,11959,1,0.131660536632,0.14401322116,0.999678884082,1,0.981761651347,0.989973889225,0.81428346936,0.840833603688,0.862279454804,0.855840789364,0.868300025086,-0.158505154639,-0.171713917526,-0.145932667526,128,0,1200,221184,184.32,0.081962079267,12200.7641698,0,0,10346,0.686848569342
rfw_custom,magface-6931178ad2025e1b3799,20260810-R001-5304b105,step4_search_space_multi_fpir_v4,validation_required,True,pca,pca_64,pca_reconstruction_cosine,frozen_origin,0.01,cosine_similarity,0.958440721649,0.999080190651,1647,11959,0.137720545196,11948,11959,0.999080190651,0.131660536632,0.14401322116,0.998353555528,0.999486300588,0.981761651347,0.989973889225,0.950834481977,0.964913646655,0.861359645455,0.855422694205,0.867463834769,-0.0280283505155,-0.0344716494845,-0.0215850515464,256,0,1200,440320,366.933333333,0.0810568877382,12337.014508,0,0,10335,0.686118303127
rfw_custom,magface-6931178ad2025e1b3799,20260810-R001-5304b105,step4_search_space_multi_fpir_v4,validation_required,True,pca,pca_128,pca_reconstruction_cosine,frozen_origin,0.01,cosine_similarity,0.988402061856,0.462078769128,1647,11959,0.137720545196,5526,11959,0.462078769128,0.131660536632,0.14401322116,0.453156890227,0.471025002251,0.981761651347,0.989973889225,0.983986041661,0.991610699735,0.324358223932,0.315410987541,0.333221841291,0.00193298969072,-0.000644329896907,0.00451030927835,512,0,1200,878592,732.16,0.0829076412401,12061.6144066,40,0.00265551350992,3935,0.261236141539
rfw_custom,magface-6931178ad2025e1b3799,20260810-R001-5304b105,step4_search_space_multi_fpir_v4,validation_required,True,pca,pca_256,pca_reconstruction_cosine,frozen_origin,0.01,cosine_similarity,0.986469072165,0.137720545196,1647,11959,0.137720545196,1647,11959,0.137720545196,0.131660536632,0.14401322116,0.131660536632,0.14401322116,0.981761651347,0.989973889225,0.981761651347,0.989973889225,0,0,0,0,0,0,1024,0,1200,1755136,1462.61333333,0.0835228440549,11972.7723752,0,0,0,0
rfw_custom,magface-6931178ad2025e1b3799,20260810-R001-5304b105,step4_search_space_multi_fpir_v4,validation_required,True,pca,pca_384,pca_reconstruction_cosine,frozen_origin,0.01,cosine_similarity,0.986469072165,0.137720545196,1647,11959,0.137720545196,1647,11959,0.137720545196,0.131660536632,0.14401322116,0.131660536632,0.14401322116,0.981761651347,0.989973889225,0.981761651347,0.989973889225,0,0,0,0,0,0,1536,0,1200,2631680,2193.06666667,0.0888715793666,11252.1911631,0,0,0,0
rfw_custom,magface-6931178ad2025e1b3799,20260810-R001-5304b105,step4_search_space_multi_fpir_v4,validation_required,True,pca,pca_32,pca_reconstruction_cosine,recalibrated_compressed,0.01,cosine_similarity,0.732603092784,0.12751902333,1647,11959,0.137720545196,1525,11959,0.12751902333,0.131660536632,0.14401322116,0.121660255508,0.133617010293,0.981761651347,0.989973889225,0.716752151871,0.747879013886,-0.0102015218664,-0.0182289489088,-0.00192323772891,-0.253865979381,-0.269015786082,-0.237749677835,128,0,1200,221184,184.32,0.081962079267,12200.7641698,2025,0.13443537144,1236,0.0820553674567
rfw_custom,magface-6931178ad2025e1b3799,20260810-R001-5304b105,step4_search_space_multi_fpir_v4,validation_required,True,pca,pca_64,pca_reconstruction_cosine,recalibrated_compressed,0.01,cosine_similarity,0.9375,0.180867965549,1647,11959,0.137720545196,2163,11959,0.180867965549,0.131660536632,0.14401322116,0.174072230484,0.187868657366,0.981761651347,0.989973889225,0.928431773485,0.945486679559,0.0431474203529,0.0350363742788,0.0514257044903,-0.0489690721649,-0.0567010309278,-0.041881443299,256,0,1200,440320,366.933333333,0.0810568877382,12337.014508,1111,0.0737568877382,1515,0.100577574188
rfw_custom,magface-6931178ad2025e1b3799,20260810-R001-5304b105,step4_search_space_multi_fpir_v4,validation_required,True,pca,pca_128,pca_reconstruction_cosine,recalibrated_compressed,0.01,cosine_similarity,0.981636597938,0.148507400284,1647,11959,0.137720545196,1776,11959,0.148507400284,0.131660536632,0.14401322116,0.142246982499,0.154993557807,0.981761651347,0.989973889225,0.976283564835,0.985798973679,0.0107868550882,0.00551885609165,0.0161384731165,-0.0048324742268,-0.00805412371134,-0.00193298969072,512,0,1200,878592,732.16,0.0829076412401,12061.6144066,487,0.0323308769833,602,0.0399654783244
rfw_custom,magface-6931178ad2025e1b3799,20260810-R001-5304b105,step4_search_space_multi_fpir_v4,validation_required,True,pca,pca_256,pca_reconstruction_cosine,recalibrated_compressed,0.01,cosine_similarity,0.986469072165,0.137720545196,1647,11959,0.137720545196,1647,11959,0.137720545196,0.131660536632,0.14401322116,0.131660536632,0.14401322116,0.981761651347,0.989973889225,0.981761651347,0.989973889225,0,0,0,0,0,0,1024,0,1200,1755136,1462.61333333,0.0835228440549,11972.7723752,0,0,0,0
rfw_custom,magface-6931178ad2025e1b3799,20260810-R001-5304b105,step4_search_space_multi_fpir_v4,validation_required,True,pca,pca_384,pca_reconstruction_cosine,recalibrated_compressed,0.01,cosine_similarity,0.986469072165,0.137720545196,1647,11959,0.137720545196,1647,11959,0.137720545196,0.131660536632,0.14401322116,0.131660536632,0.14401322116,0.981761651347,0.989973889225,0.981761651347,0.989973889225,0,0,0,0,0,0,1536,0,1200,2631680,2193.06666667,0.0888715793666,11252.1911631,0,0,0,0
rfw_custom,magface-6931178ad2025e1b3799,20260810-R001-5304b105,step4_search_space_multi_fpir_v4,validation_required,True,pq,pq_512_m8_b8,pq_adc_exhaustive,recalibrated_compressed,0.01,negative_squared_l2_adc,0.703608247423,0.139058449703,1647,11959,0.137720545196,1663,11959,0.139058449703,0.131660536632,0.14401322116,0.132972917176,0.145375790385,0.981761651347,0.989973889225,0.687299350299,0.719413803106,0.00133790450707,-0.00618989882097,0.00936533154946,-0.282860824742,-0.299291237113,-0.266108247423,8,524288,1200,533888,444.906666667,0.00712167562904,140416.392446,1911,0.126867157937,1136,0.0754165836819
rfw_custom,magface-6931178ad2025e1b3799,20260810-R001-5304b105,step4_search_space_multi_fpir_v4,validation_required,True,pq,pq_512_m16_b8,pq_adc_exhaustive,recalibrated_compressed,0.01,negative_squared_l2_adc,0.903672680412,0.101680742537,1647,11959,0.137720545196,1216,11959,0.101680742537,0.131660536632,0.14401322116,0.0963913014833,0.107225996899,0.981761651347,0.989973889225,0.892788854599,0.913558584035,-0.0360398026591,-0.0430638013212,-0.0287649469019,-0.0827963917526,-0.0927835051546,-0.073131443299,16,524288,1200,543488,452.906666667,0.0131094403505,76280.9069846,1400,0.0929429728474,729,0.0483967337184
rfw_custom,magface-6931178ad2025e1b3799,20260810-R001-5304b105,step4_search_space_multi_fpir_v4,validation_required,True,pq,pq_512_m32_b8,pq_adc_exhaustive,recalibrated_compressed,0.01,negative_squared_l2_adc,0.96875,0.110627978928,1647,11959,0.137720545196,1323,11959,0.110627978928,0.131660536632,0.14401322116,0.105130731335,0.11637529363,0.981761651347,0.989973889225,0.962026065862,0.974315133828,-0.0270925662681,-0.03361485074,-0.0205702817961,-0.0177190721649,-0.0228737113402,-0.0128865979381,32,524288,1200,562688,468.906666667,0.0264315143066,37833.6249827,968,0.0642634269402,593,0.0393679877846
rfw_custom,magface-6931178ad2025e1b3799,20260810-R001-5304b105,step4_search_space_multi_fpir_v4,validation_required,True,pq,pq_512_m64_b8,pq_adc_exhaustive,recalibrated_compressed,0.01,negative_squared_l2_adc,0.982603092784,0.125512166569,1647,11959,0.137720545196,1501,11959,0.125512166569,0.131660536632,0.14401322116,0.119694426048,0.131570415099,0.981761651347,0.989973889225,0.977371350332,0.986641788593,-0.012208378627,-0.0174763776235,-0.0069403796304,-0.00386597938144,-0.00708762886598,-0.000966494845361,64,524288,1200,601088,500.906666667,0.0328699263094,30422.9462088,599,0.0397663148111,440,0.0292106486092
rfw_custom,magface-6931178ad2025e1b3799,20260810-R001-5304b105,step4_search_space_multi_fpir_v4,validation_required,True,pq,pq_512_m128_b8,pq_adc_exhaustive,recalibrated_compressed,0.01,negative_squared_l2_adc,0.985180412371,0.130194832344,1647,11959,0.137720545196,1557,11959,0.130194832344,0.131660536632,0.14401322116,0.124282115435,0.136345049904,0.981761651347,0.989973889225,0.980290482585,0.988870924105,-0.00752571285225,-0.0117066644368,-0.00351199933105,-0.00128865979381,-0.00354381443299,0.000966494845361,128,524288,1200,677888,564.906666667,0.0759337914094,13169.3674376,361,0.0239660094271,270,0.017924716192
rfw_custom,magface-6931178ad2025e1b3799,20260810-R001-5304b105,step4_search_space_multi_fpir_v4,validation_required,True,pq,pq_512_m8_b8,pq_reconstruction_cosine,frozen_origin,0.01,cosine_similarity,0.364046391753,0.475123338072,1647,11959,0.137720545196,5682,11959,0.475123338072,0.131660536632,0.14401322116,0.46618256548,0.484080087247,0.981761651347,0.989973889225,0.34729713292,0.381131742497,0.337402792876,0.326699556819,0.348106028932,-0.622422680412,-0.639819587629,-0.605670103093,8,524288,1200,533888,444.906666667,0.0807420500564,12385.1202602,1732,0.11498373498,4759,0.315939719843
rfw_custom,magface-6931178ad2025e1b3799,20260810-R001-5304b105,step4_search_space_multi_fpir_v4,validation_required,True,pq,pq_512_m16_b8,pq_reconstruction_cosine,frozen_origin,0.01,cosine_similarity,0.455863402062,0.0150514257045,1647,11959,0.137720545196,180,11959,0.0150514257045,0.131660536632,0.14401322116,0.0130197420744,0.0173945587481,0.981761651347,0.989973889225,0.438407717088,0.473428197442,-0.122669119492,-0.129275022995,-0.116397692115,-0.530605670103,-0.54800257732,-0.512242268041,16,524288,1200,543488,452.906666667,0.0830749385912,12037.3245766,3226,0.214167164575,129,0.00856403106951
rfw_custom,magface-6931178ad2025e1b3799,20260810-R001-5304b105,step4_search_space_multi_fpir_v4,validation_required,True,pq,pq_512_m32_b8,pq_reconstruction_cosine,frozen_origin,0.01,cosine_similarity,0.648195876289,0.00117066644368,1647,11959,0.137720545196,14,11959,0.00117066644368,0.131660536632,0.14401322116,0.000697494048952,0.00196420291747,0.981761651347,0.989973889225,0.631222798365,0.664802598101,-0.136549878752,-0.142737687098,-0.130527217995,-0.338273195876,-0.355347938144,-0.32087628866,32,524288,1200,562688,468.906666667,0.0866754365,11537.2940752,2691,0.17864967138,1,6.63878377481e-05
rfw_custom,magface-6931178ad2025e1b3799,20260810-R001-5304b105,step4_search_space_multi_fpir_v4,validation_required,True,pq,pq_512_m64_b8,pq_reconstruction_cosine,frozen_origin,0.01,cosine_similarity,0.902706185567,0.00685676059871,1647,11959,0.137720545196,82,11959,0.00685676059871,0.131660536632,0.14401322116,0.00552790649328,0.0085023269925,0.981761651347,0.989973889225,0.891777333045,0.912639505177,-0.130863784597,-0.137302450038,-0.125091980935,-0.0837628865979,-0.0934278350515,-0.0744201030928,64,524288,1200,601088,500.906666667,0.0820783376485,12183.4826173,1839,0.122087233619,6,0.000398327026489
rfw_custom,magface-6931178ad2025e1b3799,20260810-R001-5304b105,step4_search_space_multi_fpir_v4,validation_required,True,pq,pq_512_m128_b8,pq_reconstruction_cosine,frozen_origin,0.01,cosine_similarity,0.979059278351,0.0643030353709,1647,11959,0.137720545196,769,11959,0.0643030353709,0.131660536632,0.14401322116,0.0600451580058,0.0688407311977,0.981761651347,0.989973889225,0.973398362111,0.983535908638,-0.0734175098252,-0.0781022660758,-0.0685676059871,-0.00740979381443,-0.010631443299,-0.00451030927835,128,524288,1200,677888,564.906666667,0.0819292571202,12205.6519875,931,0.0618070769435,27,0.0017924716192
rfw_custom,magface-6931178ad2025e1b3799,20260810-R001-5304b105,step4_search_space_multi_fpir_v4,validation_required,True,pq,pq_512_m8_b8,pq_reconstruction_cosine,recalibrated_compressed,0.01,cosine_similarity,0.294136597938,0.155113303788,1647,11959,0.137720545196,1855,11959,0.155113303788,0.131660536632,0.14401322116,0.148735946104,0.161712158688,0.981761651347,0.989973889225,0.278369366739,0.310412745562,0.0173927585919,0.00877581737603,0.0259218998244,-0.692332474227,-0.709085051546,-0.675902061856,8,524288,1200,533888,444.906666667,0.0807420500564,12385.1202602,3119,0.207063665936,1508,0.100112859324
rfw_custom,magface-6931178ad2025e1b3799,20260810-R001-5304b105,step4_search_space_multi_fpir_v4,validation_required,True,pq,pq_512_m16_b8,pq_reconstruction_cosine,recalibrated_compressed,0.01,cosine_similarity,0.589239690722,0.11221674053,1647,11959,0.137720545196,1342,11959,0.11221674053,0.131660536632,0.14401322116,0.106683843607,0.117998684208,0.981761651347,0.989973889225,0.571832507493,0.606426263857,-0.0255038046659,-0.0332824650891,-0.0178108537503,-0.397229381443,-0.413667847938,-0.380476804124,16,524288,1200,543488,452.906666667,0.0830749385912,12037.3245766,2459,0.163247693023,1057,0.0701719444998
rfw_custom,magface-6931178ad2025e1b3799,20260810-R001-5304b105,step4_search_space_multi_fpir_v4,validation_required,True,pq,pq_512_m32_b8,pq_reconstruction_cosine,recalibrated_compressed,0.01,cosine_similarity,0.891108247423,0.119157120161,1647,11959,0.137720545196,1425,11959,0.119157120161,0.131660536632,0.14401322116,0.113472620092,0.125086209651,0.981761651347,0.989973889225,0.879662455797,0.901587177485,-0.0185634250355,-0.0258403712685,-0.011121331215,-0.0953608247423,-0.105992268041,-0.0853737113402,32,524288,1200,562688,468.906666667,0.0866754365,11537.2940752,1420,0.0942707296023,937,0.06220540397
rfw_custom,magface-6931178ad2025e1b3799,20260810-R001-5304b105,step4_search_space_multi_fpir_v4,validation_required,True,pq,pq_512_m64_b8,pq_reconstruction_cosine,recalibrated_compressed,0.01,cosine_similarity,0.973582474227,0.128856927837,1647,11959,0.137720545196,1541,11959,0.128856927837,0.131660536632,0.14401322116,0.122971078957,0.134981136614,0.981761651347,0.989973889225,0.967328457533,0.978665744216,-0.00886361735931,-0.0151350447362,-0.00250648047496,-0.0128865979381,-0.0173969072165,-0.00837628865979,64,524288,1200,601088,500.906666667,0.0820783376485,12183.4826173,810,0.053774148576,667,0.044280687778
rfw_custom,magface-6931178ad2025e1b3799,20260810-R001-5304b105,step4_search_space_multi_fpir_v4,validation_required,True,pq,pq_512_m128_b8,pq_reconstruction_cosine,recalibrated_compressed,0.01,cosine_similarity,0.984213917526,0.128438832678,1647,11959,0.137720545196,1536,11959,0.128438832678,0.131660536632,0.14401322116,0.122561423612,0.134554870156,0.981761651347,0.989973889225,0.979192435868,0.98803837041,-0.00928171251777,-0.013546283134,-0.0050150514257,-0.00225515463918,-0.00451836340206,0,128,524288,1200,677888,564.906666667,0.0819292571202,12205.6519875,416,0.0276173405032,299,0.0198499634867
rfw_custom,magface-6931178ad2025e1b3799,20260810-R001-5304b105,step4_search_space_multi_fpir_v4,validation_required,True,pca,pca_32,pca_direct_cosine,frozen_origin,0.1,cosine_similarity,0.827963917526,1,8061,11959,0.674053014466,11959,11959,1,0.665597476097,0.682396770448,0.999678884082,1,0.990068249416,0.995825027509,0.81428346936,0.840833603688,0.325946985534,0.317668701396,0.334894221925,-0.165592783505,-0.178165270619,-0.152706185567,128,0,1200,221184,184.32,0.07956511983,12568.321422,0,0,3901,0.258978955055
rfw_custom,magface-6931178ad2025e1b3799,20260810-R001-5304b105,step4_search_space_multi_fpir_v4,validation_required,True,pca,pca_64,pca_direct_cosine,frozen_origin,0.1,cosine_similarity,0.955863402062,1,8061,11959,0.674053014466,11959,11959,1,0.665597476097,0.682396770448,0.999678884082,1,0.990068249416,0.995825027509,0.948056669927,0.96254319094,0.325946985534,0.317668701396,0.334894221925,-0.0376932989691,-0.0447889819588,-0.0306056701031,256,0,1200,440320,366.933333333,0.0754370045807,13256.0936845,0,0,3901,0.258978955055
rfw_custom,magface-6931178ad2025e1b3799,20260810-R001-5304b105,step4_search_space_multi_fpir_v4,validation_required,True,pca,pca_128,pca_direct_cosine,frozen_origin,0.1,cosine_similarity,0.989690721649,0.929174680157,8061,11959,0.674053014466,11112,11959,0.929174680157,0.665597476097,0.682396770448,0.924437806677,0.933635923995,0.990068249416,0.995825027509,0.98548296339,0.992687911888,0.255121665691,0.247175767205,0.263818044987,-0.00386597938144,-0.00708762886598,-0.000966494845361,512,0,1200,878592,732.16,0.0777329682002,12864.5544246,165,0.0109539932284,3218,0.213636061873
rfw_custom,magface-6931178ad2025e1b3799,20260810-R001-5304b105,step4_search_space_multi_fpir_v4,validation_required,True,pca,pca_256,pca_direct_cosine,frozen_origin,0.1,cosine_similarity,0.993556701031,0.505309808512,8061,11959,0.674053014466,6043,11959,0.505309808512,0.665597476097,0.682396770448,0.49634875476,0.514267452137,0.990068249416,0.995825027509,0.990068249416,0.995825027509,-0.168743205954,-0.175599966552,-0.162049502467,0,-0.00128865979381,0.00128865979381,1024,0,1200,1755136,1462.61333333,0.076157445396,13130.6925383,2091,0.138816968731,71,0.00471353648012
rfw_custom,magface-6931178ad2025e1b3799,20260810-R001-5304b105,step4_search_space_multi_fpir_v4,validation_required,True,pca,pca_384,pca_direct_cosine,frozen_origin,0.1,cosine_similarity,0.993556701031,0.505058951417,8061,11959,0.674053014466,6040,11959,0.505058951417,0.665597476097,0.682396770448,0.496097931621,0.514016722194,0.990068249416,0.995825027509,0.990068249416,0.995825027509,-0.168994063049,-0.175850823647,-0.162053683418,0,-0.00128865979381,0.00128865979381,1536,0,1200,2631680,2193.06666667,0.0815066122286,12268.9432508,2093,0.138949744407,70,0.00464714864237
rfw_custom,magface-6931178ad2025e1b3799,20260810-R001-5304b105,step4_search_space_multi_fpir_v4,validation_required,True,pca,pca_32,pca_direct_cosine,recalibrated_compressed,0.1,cosine_similarity,0.823453608247,0.767622710929,8061,11959,0.674053014466,9180,11959,0.767622710929,0.665597476097,0.682396770448,0.759967927149,0.775105618884,0.990068249416,0.995825027509,0.809642815623,0.836464788837,0.0935696964629,0.0826135128355,0.104943975249,-0.170103092784,-0.182989690722,-0.156894329897,128,0,1200,221184,184.32,0.07956511983,12568.321422,1853,0.123016663347,2894,0.192126402443
rfw_custom,magface-6931178ad2025e1b3799,20260810-R001-5304b105,step4_search_space_multi_fpir_v4,validation_required,True,pca,pca_64,pca_direct_cosine,recalibrated_compressed,0.1,cosine_similarity,0.954896907216,0.769295091563,8061,11959,0.674053014466,9200,11959,0.769295091563,0.665597476097,0.682396770448,0.761658836464,0.776758396781,0.990068249416,0.995825027509,0.947016740632,0.961652519824,0.0952420770967,0.0844552220085,0.105111213312,-0.0386597938144,-0.0457474226804,-0.0315721649485,256,0,1200,440320,366.933333333,0.0754370045807,13256.0936845,1535,0.101905330943,2658,0.176458872735
rfw_custom,magface-6931178ad2025e1b3799,20260810-R001-5304b105,step4_search_space_multi_fpir_v4,validation_required,True,pca,pca_128,pca_direct_cosine,recalibrated_compressed,0.1,cosine_similarity,0.989368556701,0.753658332637,8061,11959,0.674053014466,9013,11959,0.753658332637,0.665597476097,0.682396770448,0.745855208276,0.76129854954,0.990068249416,0.995825027509,0.985107550952,0.992419790856,0.0796053181704,0.0709089388745,0.0886382640689,-0.0041881443299,-0.00708762886598,-0.00161082474227,512,0,1200,878592,732.16,0.0777329682002,12864.5544246,976,0.0647945296422,1926,0.127862975503
rfw_custom,magface-6931178ad2025e1b3799,20260810-R001-5304b105,step4_search_space_multi_fpir_v4,validation_required,True,pca,pca_256,pca_direct_cosine,recalibrated_compressed,0.1,cosine_similarity,0.993556701031,0.699055104942,8061,11959,0.674053014466,8360,11959,0.699055104942,0.665597476097,0.682396770448,0.690771725938,0.70721064442,0.990068249416,0.995825027509,0.990068249416,0.995825027509,0.0250020904758,0.0192323772891,0.0311083702651,0,-0.00128865979381,0.00128865979381,1024,0,1200,1755136,1462.61333333,0.076157445396,13130.6925383,491,0.0325964283343,788,0.0523136161455
rfw_custom,magface-6931178ad2025e1b3799,20260810-R001-5304b105,step4_search_space_multi_fpir_v4,validation_required,True,pca,pca_384,pca_direct_cosine,recalibrated_compressed,0.1,cosine_similarity,0.993556701031,0.699055104942,8061,11959,0.674053014466,8360,11959,0.699055104942,0.665597476097,0.682396770448,0.690771725938,0.70721064442,0.990068249416,0.995825027509,0.990068249416,0.995825027509,0.0250020904758,0.0192323772891,0.0311083702651,0,-0.00128865979381,0.00128865979381,1536,0,1200,2631680,2193.06666667,0.0815066122286,12268.9432508,491,0.0325964283343,788,0.0523136161455
rfw_custom,magface-6931178ad2025e1b3799,20260810-R001-5304b105,step4_search_space_multi_fpir_v4,validation_required,True,pca,pca_32,pca_reconstruction_cosine,frozen_origin,0.1,cosine_similarity,0.827963917526,1,8061,11959,0.674053014466,11959,11959,1,0.665597476097,0.682396770448,0.999678884082,1,0.990068249416,0.995825027509,0.81428346936,0.840833603688,0.325946985534,0.317668701396,0.334894221925,-0.165592783505,-0.178165270619,-0.152706185567,128,0,1200,221184,184.32,0.081962079267,12200.7641698,0,0,3901,0.258978955055
rfw_custom,magface-6931178ad2025e1b3799,20260810-R001-5304b105,step4_search_space_multi_fpir_v4,validation_required,True,pca,pca_64,pca_reconstruction_cosine,frozen_origin,0.1,cosine_similarity,0.958440721649,1,8061,11959,0.674053014466,11959,11959,1,0.665597476097,0.682396770448,0.999678884082,1,0.990068249416,0.995825027509,0.950834481977,0.964913646655,0.325946985534,0.317668701396,0.334894221925,-0.0351159793814,-0.041881443299,-0.0283505154639,256,0,1200,440320,366.933333333,0.0810568877382,12337.014508,0,0,3901,0.258978955055
rfw_custom,magface-6931178ad2025e1b3799,20260810-R001-5304b105,step4_search_space_multi_fpir_v4,validation_required,True,pca,pca_128,pca_reconstruction_cosine,frozen_origin,0.1,cosine_similarity,0.990657216495,0.983945145915,8061,11959,0.674053014466,11767,11959,0.983945145915,0.665597476097,0.682396770448,0.981532123253,0.986047363597,0.990068249416,0.995825027509,0.986614445371,0.993487030319,0.309892131449,0.301444518772,0.318086796555,-0.00289948453608,-0.00579896907216,-0.000322164948454,512,0,1200,878592,732.16,0.0829076412401,12061.6144066,13,0.000863041890726,3722,0.247095532099
rfw_custom,magface-6931178ad2025e1b3799,20260810-R001-5304b105,step4_search_space_multi_fpir_v4,validation_required,True,pca,pca_256,pca_reconstruction_cosine,frozen_origin,0.1,cosine_similarity,0.993556701031,0.674220252529,8061,11959,0.674053014466,8063,11959,0.674220252529,0.665597476097,0.682396770448,0.665765773509,0.682562841757,0.990068249416,0.995825027509,0.990068249416,0.995825027509,0.000167238063383,0,0.000418095158458,0,0,0,1024,0,1200,1755136,1462.61333333,0.0835228440549,11972.7723752,0,0,2,0.000132775675496
rfw_custom,magface-6931178ad2025e1b3799,20260810-R001-5304b105,step4_search_space_multi_fpir_v4,validation_required,True,pca,pca_384,pca_reconstruction_cosine,frozen_origin,0.1,cosine_similarity,0.993556701031,0.674053014466,8061,11959,0.674053014466,8061,11959,0.674053014466,0.665597476097,0.682396770448,0.665597476097,0.682396770448,0.990068249416,0.995825027509,0.990068249416,0.995825027509,0,0,0,0,0,0,1536,0,1200,2631680,2193.06666667,0.0888715793666,11252.1911631,0,0,0,0
rfw_custom,magface-6931178ad2025e1b3799,20260810-R001-5304b105,step4_search_space_multi_fpir_v4,validation_required,True,pca,pca_32,pca_reconstruction_cosine,recalibrated_compressed,0.1,cosine_similarity,0.822164948454,0.77113471026,8061,11959,0.674053014466,9222,11959,0.77113471026,0.665597476097,0.682396770448,0.763519030214,0.778576258963,0.990068249416,0.995825027509,0.808317509813,0.835215960764,0.097081695794,0.08629275023,0.10778493185,-0.171391752577,-0.184286404639,-0.158182989691,128,0,1200,221184,184.32,0.081962079267,12200.7641698,1770,0.117506472814,2860,0.18986921596
rfw_custom,magface-6931178ad2025e1b3799,20260810-R001-5304b105,step4_search_space_multi_fpir_v4,validation_required,True,pca,pca_64,pca_reconstruction_cosine,recalibrated_compressed,0.1,cosine_similarity,0.956829896907,0.773894138306,8061,11959,0.674053014466,9255,11959,0.773894138306,0.665597476097,0.682396770448,0.7663097046,0.781302668477,0.990068249416,0.995825027509,0.949097537076,0.963432924203,0.0998411238398,0.08947236391,0.110042645706,-0.0367268041237,-0.0438144329897,-0.0299613402062,256,0,1200,440320,366.933333333,0.0810568877382,12337.014508,1404,0.0932085241984,2579,0.171214233552
rfw_custom,magface-6931178ad2025e1b3799,20260810-R001-5304b105,step4_search_space_multi_fpir_v4,validation_required,True,pca,pca_128,pca_reconstruction_cosine,recalibrated_compressed,0.1,cosine_similarity,0.990335051546,0.729576051509,8061,11959,0.674053014466,8725,11959,0.729576051509,0.665597476097,0.682396770448,0.721542434796,0.737462227174,0.990068249416,0.995825027509,0.986236369336,0.993221572883,0.0555230370432,0.0474119909691,0.0639685592441,-0.00322164948454,-0.00612113402062,-0.000644329896907,512,0,1200,878592,732.16,0.0829076412401,12061.6144066,937,0.06220540397,1600,0.106220540397
rfw_custom,magface-6931178ad2025e1b3799,20260810-R001-5304b105,step4_search_space_multi_fpir_v4,validation_required,True,pca,pca_256,pca_reconstruction_cosine,recalibrated_compressed,0.1,cosine_similarity,0.993556701031,0.674220252529,8061,11959,0.674053014466,8063,11959,0.674220252529,0.665597476097,0.682396770448,0.665765773509,0.682562841757,0.990068249416,0.995825027509,0.990068249416,0.995825027509,0.000167238063383,0,0.000418095158458,0,0,0,1024,0,1200,1755136,1462.61333333,0.0835228440549,11972.7723752,0,0,2,0.000132775675496
rfw_custom,magface-6931178ad2025e1b3799,20260810-R001-5304b105,step4_search_space_multi_fpir_v4,validation_required,True,pca,pca_384,pca_reconstruction_cosine,recalibrated_compressed,0.1,cosine_similarity,0.993556701031,0.674053014466,8061,11959,0.674053014466,8061,11959,0.674053014466,0.665597476097,0.682396770448,0.665597476097,0.682396770448,0.990068249416,0.995825027509,0.990068249416,0.995825027509,0,0,0,0,0,0,1536,0,1200,2631680,2193.06666667,0.0888715793666,11252.1911631,0,0,0,0
rfw_custom,magface-6931178ad2025e1b3799,20260810-R001-5304b105,step4_search_space_multi_fpir_v4,validation_required,True,pq,pq_512_m8_b8,pq_adc_exhaustive,recalibrated_compressed,0.1,negative_squared_l2_adc,0.834729381443,0.592022744377,8061,11959,0.674053014466,7080,11959,0.592022744377,0.665597476097,0.682396770448,0.583186345731,0.600800043086,0.990068249416,0.995825027509,0.821250703943,0.847380571987,-0.0820302700895,-0.0923990300192,-0.0709925579062,-0.158827319588,-0.171399806701,-0.146262886598,8,524288,1200,533888,444.906666667,0.00712167562904,140416.392446,2723,0.180774082188,1518,0.100776737702
rfw_custom,magface-6931178ad2025e1b3799,20260810-R001-5304b105,step4_search_space_multi_fpir_v4,validation_required,True,pq,pq_512_m16_b8,pq_adc_exhaustive,recalibrated_compressed,0.1,negative_squared_l2_adc,0.949742268041,0.597959695627,8061,11959,0.674053014466,7151,11959,0.597959695627,0.665597476097,0.682396770448,0.58914197106,0.606714507358,0.990068249416,0.995825027509,0.941485179996,0.956887544931,-0.0760933188394,-0.0862112216741,-0.0661426540681,-0.0438144329897,-0.0512242268041,-0.0364046391753,16,524288,1200,543488,452.906666667,0.0131094403505,76280.9069846,2387,0.158467768705,1423,0.0944698931156
rfw_custom,magface-6931178ad2025e1b3799,20260810-R001-5304b105,step4_search_space_multi_fpir_v4,validation_required,True,pq,pq_512_m32_b8,pq_adc_exhaustive,recalibrated_compressed,0.1,negative_squared_l2_adc,0.984213917526,0.66485492098,8061,11959,0.674053014466,7951,11959,0.66485492098,0.665597476097,0.682396770448,0.656342978292,0.673260988589,0.990068249416,0.995825027509,0.979192435868,0.98803837041,-0.00919809348608,-0.0179780918137,-8.15285558993e-05,-0.00934278350515,-0.0132087628866,-0.00547680412371,32,524288,1200,562688,468.906666667,0.0264315143066,37833.6249827,1609,0.106818030937,1490,0.0989178782447
rfw_custom,magface-6931178ad2025e1b3799,20260810-R001-5304b105,step4_search_space_multi_fpir_v4,validation_required,True,pq,pq_512_m64_b8,pq_adc_exhaustive,recalibrated_compressed,0.1,negative_squared_l2_adc,0.992268041237,0.684505393428,8061,11959,0.674053014466,8186,11959,0.684505393428,0.665597476097,0.682396770448,0.676118421952,0.692773869665,0.990068249416,0.995825027509,0.988520549998,0.994798593045,0.0104523789615,0.00250857095075,0.0188979011623,-0.00128865979381,-0.00354381443299,0.000644329896907,64,524288,1200,601088,500.906666667,0.0328699263094,30422.9462088,1110,0.0736904999004,1233,0.0818562039434
rfw_custom,magface-6931178ad2025e1b3799,20260810-R001-5304b105,step4_search_space_multi_fpir_v4,validation_required,True,pq,pq_512_m128_b8,pq_adc_exhaustive,recalibrated_compressed,0.1,negative_squared_l2_adc,0.99162371134,0.663935111631,8061,11959,0.674053014466,7940,11959,0.663935111631,0.665597476097,0.682396770448,0.655417727871,0.672347211044,0.990068249416,0.995825027509,0.987754736953,0.994277339149,-0.0101179028347,-0.0164729492432,-0.00359352788695,-0.00193298969072,-0.00386597938144,-0.000322164948454,128,524288,1200,677888,564.906666667,0.0759337914094,13169.3674376,787,0.0522472283078,665,0.0441479121025
rfw_custom,magface-6931178ad2025e1b3799,20260810-R001-5304b105,step4_search_space_multi_fpir_v4,validation_required,True,pq,pq_512_m8_b8,pq_reconstruction_cosine,frozen_origin,0.1,cosine_similarity,0.409149484536,0.983777907852,8061,11959,0.674053014466,11765,11959,0.983777907852,0.665597476097,0.682396770448,0.981353461977,0.985891656153,0.990068249416,0.995825027509,0.391975257962,0.426548303335,0.309724893386,0.301446609248,0.318504891713,-0.584407216495,-0.602134342784,-0.56796875,8,524288,1200,533888,444.906666667,0.0807420500564,12385.1202602,122,0.00809931620527,3808,0.252804886145
rfw_custom,magface-6931178ad2025e1b3799,20260810-R001-5304b105,step4_search_space_multi_fpir_v4,validation_required,True,pq,pq_512_m16_b8,pq_reconstruction_cosine,frozen_origin,0.1,cosine_similarity,0.683956185567,0.417008111046,8061,11959,0.674053014466,4987,11959,0.417008111046,0.665597476097,0.682396770448,0.408199153863,0.425870368262,0.990068249416,0.995825027509,0.667381414254,0.700076197445,-0.25704490342,-0.26891880592,-0.245756334142,-0.309600515464,-0.325386597938,-0.292847938144,16,524288,1200,543488,452.906666667,0.0830749385912,12037.3245766,4859,0.322578503618,1257,0.0834495120494
rfw_custom,magface-6931178ad2025e1b3799,20260810-R001-5304b105,step4_search_space_multi_fpir_v4,validation_required,True,pq,pq_512_m32_b8,pq_reconstruction_cosine,frozen_origin,0.1,cosine_similarity,0.883698453608,0.088134459403,8061,11959,0.674053014466,1054,11959,0.088134459403,0.665597476097,0.682396770448,0.0831849305666,0.0933485014019,0.990068249416,0.995825027509,0.871943181639,0.894505181819,-0.585918555063,-0.594784262898,-0.576216656911,-0.109858247423,-0.12081185567,-0.0989046391753,32,524288,1200,562688,468.906666667,0.0866754365,11537.2940752,7453,0.494788554737,120,0.00796654052977
rfw_custom,magface-6931178ad2025e1b3799,20260810-R001-5304b105,step4_search_space_multi_fpir_v4,validation_required,True,pq,pq_512_m64_b8,pq_reconstruction_cosine,frozen_origin,0.1,cosine_similarity,0.975515463918,0.170833681746,8061,11959,0.674053014466,2043,11959,0.170833681746,0.665597476097,0.682396770448,0.164194228987,0.177684535594,0.990068249416,0.995825027509,0.969462478462,0.980392924111,-0.50321933272,-0.512417426206,-0.493433815536,-0.0180412371134,-0.0228737113402,-0.0132087628866,64,524288,1200,601088,500.906666667,0.0820783376485,12183.4826173,6143,0.407820487287,66,0.00438159729138
rfw_custom,magface-6931178ad2025e1b3799,20260810-R001-5304b105,step4_search_space_multi_fpir_v4,validation_required,True,pq,pq_512_m128_b8,pq_reconstruction_cosine,frozen_origin,0.1,cosine_similarity,0.99162371134,0.499707333389,8061,11959,0.674053014466,5976,11959,0.499707333389,0.665597476097,0.682396770448,0.490747575133,0.508667279605,0.990068249416,0.995825027509,0.987754736953,0.994277339149,-0.174345681077,-0.182122251024,-0.167152353876,-0.00193298969072,-0.00354381443299,-0.000644329896907,128,524288,1200,677888,564.906666667,0.0819292571202,12205.6519875,2281,0.151430657903,192,0.0127464648476
rfw_custom,magface-6931178ad2025e1b3799,20260810-R001-5304b105,step4_search_space_multi_fpir_v4,validation_required,True,pq,pq_512_m8_b8,pq_reconstruction_cosine,recalibrated_compressed,0.1,cosine_similarity,0.398840206186,0.754578141985,8061,11959,0.674053014466,9024,11959,0.754578141985,0.665597476097,0.682396770448,0.746784445662,0.762208340121,0.990068249416,0.995825027509,0.381749550598,0.416180939641,0.080525127519,0.0696546533991,0.0911468350197,-0.594716494845,-0.612757731959,-0.578278028351,8,524288,1200,533888,444.906666667,0.0807420500564,12385.1202602,2166,0.143796056562,2693,0.178782447056
rfw_custom,magface-6931178ad2025e1b3799,20260810-R001-5304b105,step4_search_space_multi_fpir_v4,validation_required,True,pq,pq_512_m16_b8,pq_reconstruction_cosine,recalibrated_compressed,0.1,cosine_similarity,0.709729381443,0.687682916632,8061,11959,0.674053014466,8224,11959,0.687682916632,0.665597476097,0.682396770448,0.679317749923,0.695927547396,0.990068249416,0.995825027509,0.693510475125,0.725429814222,0.0136299021657,0.00259009950665,0.024667614349,-0.283827319588,-0.299299291237,-0.267396907216,16,524288,1200,543488,452.906666667,0.0830749385912,12037.3245766,2409,0.159928301135,2340,0.155347540331
rfw_custom,magface-6931178ad2025e1b3799,20260810-R001-5304b105,step4_search_space_multi_fpir_v4,validation_required,True,pq,pq_512_m32_b8,pq_reconstruction_cosine,recalibrated_compressed,0.1,cosine_similarity,0.941365979381,0.66878501547,8061,11959,0.674053014466,7998,11959,0.66878501547,0.665597476097,0.682396770448,0.660296727677,0.677164904152,0.990068249416,0.995825027509,0.932542569269,0.949098285422,-0.00526799899657,-0.0158039969897,0.00476628480642,-0.0521907216495,-0.0605670103093,-0.0444587628866,32,524288,1200,562688,468.906666667,0.0866754365,11537.2940752,2080,0.138086702516,1963,0.1303193255
rfw_custom,magface-6931178ad2025e1b3799,20260810-R001-5304b105,step4_search_space_multi_fpir_v4,validation_required,True,pq,pq_512_m64_b8,pq_reconstruction_cosine,recalibrated_compressed,0.1,cosine_similarity,0.985824742268,0.686428631156,8061,11959,0.674053014466,8209,11959,0.686428631156,0.665597476097,0.682396770448,0.678054803246,0.694682728664,0.990068249416,0.995825027509,0.981024996886,0.989423476745,0.0123756166904,0.00376285642612,0.0216573292081,-0.00773195876289,-0.0112757731959,-0.0048324742268,64,524288,1200,601088,500.906666667,0.0820783376485,12183.4826173,1437,0.0953993228441,1579,0.104826395804
rfw_custom,magface-6931178ad2025e1b3799,20260810-R001-5304b105,step4_search_space_multi_fpir_v4,validation_required,True,pq,pq_512_m128_b8,pq_reconstruction_cosine,recalibrated_compressed,0.1,cosine_similarity,0.99162371134,0.668366920311,8061,11959,0.674053014466,7993,11959,0.668366920311,0.665597476097,0.682396770448,0.659876084607,0.676749625418,0.990068249416,0.995825027509,0.987754736953,0.994277339149,-0.00568609415503,-0.0125428547537,0.00125637595117,-0.00193298969072,-0.00354381443299,-0.000644329896907,128,524288,1200,677888,564.906666667,0.0819292571202,12205.6519875,878,0.0582885215429,807,0.0535749850627
