dataset,model_uid,run_id,extraction_uid,origin_embedding_artifact_uid,protocol_uid,compression_family,compression_profile,search_mode,origin_score_space,compressed_score_space,score_spaces_comparable,frozen_origin_threshold_applicable,latency_measurement_repeats,latency_timer,compressed_index_build_latency_ms,compressed_gallery_add_latency_ms,compressed_gallery_encode_latency_ms,origin_search_latency_ms_total,compressed_search_latency_ms_total,compressed_search_latency_ms_per_query,compressed_search_queries_per_second,gallery_template_count,origin_storage_bytes_per_embedding,origin_gallery_storage_bytes,compressed_gallery_storage_bytes,amortized_storage_bytes_per_gallery_template,threshold_policy,target_fpir,threshold_source_split,evaluation_split,top_k,query_count,mated_count,non_mated_count,decision_threshold,origin_decision_threshold,compressed_decision_threshold,origin_rank1_correct_count,origin_rank1_rate,compressed_rank1_correct_count,compressed_rank1_rate,origin_top_k_correct_count,origin_top_k_rate,compressed_top_k_correct_count,compressed_top_k_rate,origin_accepted_count,compressed_accepted_count,origin_dir_rank1_count,origin_dir_rank1_denominator,origin_dir_rank1,origin_dir_rank1_wilson95_low,origin_dir_rank1_wilson95_high,compressed_dir_rank1_count,compressed_dir_rank1_denominator,compressed_dir_rank1,compressed_dir_rank1_wilson95_low,compressed_dir_rank1_wilson95_high,both_dir_rank1_count,compressed_minus_origin_dir_rank1,compressed_minus_origin_dir_rank1_paired_bootstrap95_low,compressed_minus_origin_dir_rank1_paired_bootstrap95_high,origin_false_accept_count,origin_fpir_denominator,origin_fpir,origin_realized_fpir,origin_fpir_wilson95_low,origin_fpir_wilson95_high,compressed_false_accept_count,compressed_fpir_denominator,compressed_fpir,compressed_realized_fpir,compressed_fpir_wilson95_low,compressed_fpir_wilson95_high,both_false_accept_count,compressed_minus_origin_fpir,compressed_minus_origin_fpir_paired_bootstrap95_low,compressed_minus_origin_fpir_paired_bootstrap95_high,confidence_interval_unit,rate_confidence_interval_method,difference_confidence_interval_method,difference_confidence_interval_resamples,difference_confidence_interval_random_seed,agreement_with_origin_count,agreement_with_origin_rate,mean_top_k_identity_jaccard,mean_top1_score_drift,mean_abs_top1_score_drift,threshold_crossing_count,threshold_crossing_rate,accept_to_reject_count,accept_to_reject_rate,reject_to_accept_count,reject_to_accept_rate,origin_decision_correct_count,origin_decision_correct_rate,compressed_decision_correct_count,compressed_decision_correct_rate,origin_fallback_count,storage_bytes_per_embedding,codebook_bytes,codebook_bytes_source,codec_parameter_bytes,codec_parameter_bytes_source,summary_artifact_type,summary_claim_status,derived_evaluation_paper_eligible
rfw_custom,magface-6931178ad2025e1b3799,20260810-R001-5304b105,population-31f9968aa2a50a401340ac36,origin-embedding-c161f8d6dbea5317a0985e6f,rfw-custom-identity-balanced-open-set-v1-60b0908dc11e16d8,pca,pca_128,pca_direct_cosine,cosine_similarity,cosine_similarity,True,True,1,time.perf_counter,,,,1193.5753,1170.8917,0.0777329682002,12864.5544246,1200,2048,2457600,878592,732.16,frozen_origin,0.01,calibration,test,20,15063,3104,11959,0.336998581886,0.336998581886,0.336998581886,3085,0.993878865979,3072,0.989690721649,3103,0.999677835052,3101,0.999033505155,4717,6362,3062,3104,0.986469072165,0.981761651347,0.989973889225,3063,3104,0.986791237113,0.982130827039,0.990248247004,3052,0.000322164948454,-0.00257731958763,0.00322164948454,1647,11959,0.137720545196,0.137720545196,0.131660536632,0.14401322116,3281,11959,0.27435404298,0.27435404298,0.266430611277,0.2824223917,1433,0.136633497784,0.129776737185,0.143573877414,probe,wilson_score,paired_nonparametric_bootstrap_percentile,2000,42,9254,0.614353050521,0.498942901693,0.0253269780183,0.0306942876015,2085,0.138418641705,220,0.0146053243046,1865,0.1238133174,13374,0.887870942043,11741,0.779459603001,0,512,0,not_applicable,264192,pca_components_and_mean,step4_search_space_multi_fpir_v4,validation_required,True
rfw_custom,magface-6931178ad2025e1b3799,20260810-R001-5304b105,population-31f9968aa2a50a401340ac36,origin-embedding-c161f8d6dbea5317a0985e6f,rfw-custom-identity-balanced-open-set-v1-60b0908dc11e16d8,pca,pca_128,pca_direct_cosine,cosine_similarity,cosine_similarity,True,True,1,time.perf_counter,,,,1193.5753,1170.8917,0.0777329682002,12864.5544246,1200,2048,2457600,878592,732.16,frozen_origin,0.1,calibration,test,20,15063,3104,11959,0.268196851015,0.268196851015,0.268196851015,3085,0.993878865979,3072,0.989690721649,3103,0.999677835052,3101,0.999033505155,11162,14215,3084,3104,0.993556701031,0.990068249416,0.995825027509,3072,3104,0.989690721649,0.98548296339,0.992687911888,3067,-0.00386597938144,-0.00708762886598,-0.000966494845361,8061,11959,0.674053014466,0.674053014466,0.665597476097,0.682396770448,11112,11959,0.929174680157,0.929174680157,0.924437806677,0.933635923995,7896,0.255121665691,0.247175767205,0.263818044987,probe,wilson_score,paired_nonparametric_bootstrap_percentile,2000,42,9254,0.614353050521,0.498942901693,0.0253269780183,0.0306942876015,3383,0.224590055102,165,0.0109539932284,3218,0.213636061873,6982,0.463519883157,3919,0.260173936135,0,512,0,not_applicable,264192,pca_components_and_mean,step4_search_space_multi_fpir_v4,validation_required,True
rfw_custom,magface-6931178ad2025e1b3799,20260810-R001-5304b105,population-31f9968aa2a50a401340ac36,origin-embedding-c161f8d6dbea5317a0985e6f,rfw-custom-identity-balanced-open-set-v1-60b0908dc11e16d8,pca,pca_128,pca_direct_cosine,cosine_similarity,cosine_similarity,True,True,1,time.perf_counter,,,,1193.5753,1170.8917,0.0777329682002,12864.5544246,1200,2048,2457600,878592,732.16,recalibrated_compressed,0.01,calibration,test,20,15063,3104,11959,,0.336998581886,0.362577199936,3085,0.993878865979,3072,0.989690721649,3103,0.999677835052,3101,0.999033505155,4717,4659,3062,3104,0.986469072165,0.981761651347,0.989973889225,3045,3104,0.980992268041,0.975560229537,0.985235242035,3040,-0.00547680412371,-0.0090206185567,-0.00225515463918,1647,11959,0.137720545196,0.137720545196,0.131660536632,0.14401322116,1604,11959,0.134124926833,0.134124926833,0.128134490862,0.140350339425,1073,-0.00359561836274,-0.00911447445439,0.0020068567606,probe,wilson_score,paired_nonparametric_bootstrap_percentile,2000,42,9254,0.614353050521,0.498942901693,0.0253269780183,0.0306942876015,1132,0.0751510323309,595,0.0395007634601,537,0.0356502688707,13374,0.887870942043,13400,0.889597025825,0,512,0,not_applicable,264192,pca_components_and_mean,step4_search_space_multi_fpir_v4,validation_required,True
rfw_custom,magface-6931178ad2025e1b3799,20260810-R001-5304b105,population-31f9968aa2a50a401340ac36,origin-embedding-c161f8d6dbea5317a0985e6f,rfw-custom-identity-balanced-open-set-v1-60b0908dc11e16d8,pca,pca_128,pca_direct_cosine,cosine_similarity,cosine_similarity,True,True,1,time.perf_counter,,,,1193.5753,1170.8917,0.0777329682002,12864.5544246,1200,2048,2457600,878592,732.16,recalibrated_compressed,0.1,calibration,test,20,15063,3104,11959,,0.268196851015,0.290123432875,3085,0.993878865979,3072,0.989690721649,3103,0.999677835052,3101,0.999033505155,11162,12112,3084,3104,0.993556701031,0.990068249416,0.995825027509,3071,3104,0.989368556701,0.985107550952,0.992419790856,3067,-0.0041881443299,-0.00708762886598,-0.00161082474227,8061,11959,0.674053014466,0.674053014466,0.665597476097,0.682396770448,9013,11959,0.753658332637,0.753658332637,0.745855208276,0.76129854954,7089,0.0796053181704,0.0709089388745,0.0886382640689,probe,wilson_score,paired_nonparametric_bootstrap_percentile,2000,42,9254,0.614353050521,0.498942901693,0.0253269780183,0.0306942876015,2902,0.192657505145,976,0.0647945296422,1926,0.127862975503,6982,0.463519883157,6017,0.39945561973,0,512,0,not_applicable,264192,pca_components_and_mean,step4_search_space_multi_fpir_v4,validation_required,True
rfw_custom,magface-6931178ad2025e1b3799,20260810-R001-5304b105,population-31f9968aa2a50a401340ac36,origin-embedding-c161f8d6dbea5317a0985e6f,rfw-custom-identity-balanced-open-set-v1-60b0908dc11e16d8,pca,pca_128,pca_reconstruction_cosine,cosine_similarity,cosine_similarity,True,True,1,time.perf_counter,,,,1239.3032,1248.8378,0.0829076412401,12061.6144066,1200,2048,2457600,878592,732.16,frozen_origin,0.01,calibration,test,20,15063,3104,11959,0.336998581886,0.336998581886,0.336998581886,3085,0.993878865979,3075,0.990657216495,3103,0.999677835052,3102,0.999355670103,4717,8612,3062,3104,0.986469072165,0.981761651347,0.989973889225,3068,3104,0.988402061856,0.983986041661,0.991610699735,3056,0.00193298969072,-0.000644329896907,0.00451030927835,1647,11959,0.137720545196,0.137720545196,0.131660536632,0.14401322116,5526,11959,0.462078769128,0.462078769128,0.453156890227,0.471025002251,1610,0.324358223932,0.315410987541,0.333221841291,probe,wilson_score,paired_nonparametric_bootstrap_percentile,2000,42,9411,0.624775941048,0.514811261933,0.0428991419524,0.0441597458464,3975,0.263891655049,40,0.00265551350992,3935,0.261236141539,13374,0.887870942043,9501,0.630750846445,0,512,0,not_applicable,264192,pca_components_and_mean,step4_search_space_multi_fpir_v4,validation_required,True
rfw_custom,magface-6931178ad2025e1b3799,20260810-R001-5304b105,population-31f9968aa2a50a401340ac36,origin-embedding-c161f8d6dbea5317a0985e6f,rfw-custom-identity-balanced-open-set-v1-60b0908dc11e16d8,pca,pca_128,pca_reconstruction_cosine,cosine_similarity,cosine_similarity,True,True,1,time.perf_counter,,,,1239.3032,1248.8378,0.0829076412401,12061.6144066,1200,2048,2457600,878592,732.16,frozen_origin,0.1,calibration,test,20,15063,3104,11959,0.268196851015,0.268196851015,0.268196851015,3085,0.993878865979,3075,0.990657216495,3103,0.999677835052,3102,0.999355670103,11162,14871,3084,3104,0.993556701031,0.990068249416,0.995825027509,3075,3104,0.990657216495,0.986614445371,0.993487030319,3070,-0.00289948453608,-0.00579896907216,-0.000322164948454,8061,11959,0.674053014466,0.674053014466,0.665597476097,0.682396770448,11767,11959,0.983945145915,0.983945145915,0.981532123253,0.986047363597,8048,0.309892131449,0.301444518772,0.318086796555,probe,wilson_score,paired_nonparametric_bootstrap_percentile,2000,42,9411,0.624775941048,0.514811261933,0.0428991419524,0.0441597458464,3735,0.247958573989,13,0.000863041890726,3722,0.247095532099,6982,0.463519883157,3267,0.216889065923,0,512,0,not_applicable,264192,pca_components_and_mean,step4_search_space_multi_fpir_v4,validation_required,True
rfw_custom,magface-6931178ad2025e1b3799,20260810-R001-5304b105,population-31f9968aa2a50a401340ac36,origin-embedding-c161f8d6dbea5317a0985e6f,rfw-custom-identity-balanced-open-set-v1-60b0908dc11e16d8,pca,pca_128,pca_reconstruction_cosine,cosine_similarity,cosine_similarity,True,True,1,time.perf_counter,,,,1239.3032,1248.8378,0.0829076412401,12061.6144066,1200,2048,2457600,878592,732.16,recalibrated_compressed,0.01,calibration,test,20,15063,3104,11959,,0.336998581886,0.379934728146,3085,0.993878865979,3075,0.990657216495,3103,0.999677835052,3102,0.999355670103,4717,4832,3062,3104,0.986469072165,0.981761651347,0.989973889225,3047,3104,0.981636597938,0.976283564835,0.985798973679,3043,-0.0048324742268,-0.00805412371134,-0.00193298969072,1647,11959,0.137720545196,0.137720545196,0.131660536632,0.14401322116,1776,11959,0.148507400284,0.148507400284,0.142246982499,0.154993557807,1178,0.0107868550882,0.00551885609165,0.0161384731165,probe,wilson_score,paired_nonparametric_bootstrap_percentile,2000,42,9411,0.624775941048,0.514811261933,0.0428991419524,0.0441597458464,1089,0.0722963553077,487,0.0323308769833,602,0.0399654783244,13374,0.887870942043,13230,0.878311093408,0,512,0,not_applicable,264192,pca_components_and_mean,step4_search_space_multi_fpir_v4,validation_required,True
rfw_custom,magface-6931178ad2025e1b3799,20260810-R001-5304b105,population-31f9968aa2a50a401340ac36,origin-embedding-c161f8d6dbea5317a0985e6f,rfw-custom-identity-balanced-open-set-v1-60b0908dc11e16d8,pca,pca_128,pca_reconstruction_cosine,cosine_similarity,cosine_similarity,True,True,1,time.perf_counter,,,,1239.3032,1248.8378,0.0829076412401,12061.6144066,1200,2048,2457600,878592,732.16,recalibrated_compressed,0.1,calibration,test,20,15063,3104,11959,,0.268196851015,0.311928480864,3085,0.993878865979,3075,0.990657216495,3103,0.999677835052,3102,0.999355670103,11162,11825,3084,3104,0.993556701031,0.990068249416,0.995825027509,3074,3104,0.990335051546,0.986236369336,0.993221572883,3069,-0.00322164948454,-0.00612113402062,-0.000644329896907,8061,11959,0.674053014466,0.674053014466,0.665597476097,0.682396770448,8725,11959,0.729576051509,0.729576051509,0.721542434796,0.737462227174,7127,0.0555230370432,0.0474119909691,0.0639685592441,probe,wilson_score,paired_nonparametric_bootstrap_percentile,2000,42,9411,0.624775941048,0.514811261933,0.0428991419524,0.0441597458464,2537,0.168425944367,937,0.06220540397,1600,0.106220540397,6982,0.463519883157,6308,0.418774480515,0,512,0,not_applicable,264192,pca_components_and_mean,step4_search_space_multi_fpir_v4,validation_required,True
rfw_custom,magface-6931178ad2025e1b3799,20260810-R001-5304b105,population-31f9968aa2a50a401340ac36,origin-embedding-c161f8d6dbea5317a0985e6f,rfw-custom-identity-balanced-open-set-v1-60b0908dc11e16d8,pca,pca_256,pca_direct_cosine,cosine_similarity,cosine_similarity,True,True,1,time.perf_counter,,,,1204.1556,1147.1596,0.076157445396,13130.6925383,1200,2048,2457600,1755136,1462.61333333,frozen_origin,0.01,calibration,test,20,15063,3104,11959,0.336998581886,0.336998581886,0.336998581886,3085,0.993878865979,3086,0.994201030928,3103,0.999677835052,3103,0.999677835052,4717,4024,3062,3104,0.986469072165,0.981761651347,0.989973889225,3059,3104,0.98550257732,0.980657480892,0.989147459269,3057,-0.000966494845361,-0.00289948453608,0.000644329896907,1647,11959,0.137720545196,0.137720545196,0.131660536632,0.14401322116,959,11959,0.0801906513923,0.0801906513923,0.0754568123535,0.08519410536,951,-0.0575298938038,-0.0620453215152,-0.0532653231876,probe,wilson_score,paired_nonparametric_bootstrap_percentile,2000,42,13392,0.889065923123,0.80587711147,-0.0142872316027,0.0153509981434,713,0.0473345283144,703,0.0466706499369,10,0.000663878377481,13374,0.887870942043,14059,0.933346610901,0,1024,0,not_applicable,526336,pca_components_and_mean,step4_search_space_multi_fpir_v4,validation_required,True
rfw_custom,magface-6931178ad2025e1b3799,20260810-R001-5304b105,population-31f9968aa2a50a401340ac36,origin-embedding-c161f8d6dbea5317a0985e6f,rfw-custom-identity-balanced-open-set-v1-60b0908dc11e16d8,pca,pca_256,pca_direct_cosine,cosine_similarity,cosine_similarity,True,True,1,time.perf_counter,,,,1204.1556,1147.1596,0.076157445396,13130.6925383,1200,2048,2457600,1755136,1462.61333333,frozen_origin,0.1,calibration,test,20,15063,3104,11959,0.268196851015,0.268196851015,0.268196851015,3085,0.993878865979,3086,0.994201030928,3103,0.999677835052,3103,0.999677835052,11162,9142,3084,3104,0.993556701031,0.990068249416,0.995825027509,3084,3104,0.993556701031,0.990068249416,0.995825027509,3082,0,-0.00128865979381,0.00128865979381,8061,11959,0.674053014466,0.674053014466,0.665597476097,0.682396770448,6043,11959,0.505309808512,0.505309808512,0.49634875476,0.514267452137,5972,-0.168743205954,-0.175599966552,-0.162049502467,probe,wilson_score,paired_nonparametric_bootstrap_percentile,2000,42,13392,0.889065923123,0.80587711147,-0.0142872316027,0.0153509981434,2162,0.143530505211,2091,0.138816968731,71,0.00471353648012,6982,0.463519883157,9000,0.597490539733,0,1024,0,not_applicable,526336,pca_components_and_mean,step4_search_space_multi_fpir_v4,validation_required,True
rfw_custom,magface-6931178ad2025e1b3799,20260810-R001-5304b105,population-31f9968aa2a50a401340ac36,origin-embedding-c161f8d6dbea5317a0985e6f,rfw-custom-identity-balanced-open-set-v1-60b0908dc11e16d8,pca,pca_256,pca_direct_cosine,cosine_similarity,cosine_similarity,True,True,1,time.perf_counter,,,,1204.1556,1147.1596,0.076157445396,13130.6925383,1200,2048,2457600,1755136,1462.61333333,recalibrated_compressed,0.01,calibration,test,20,15063,3104,11959,,0.336998581886,0.320895731449,3085,0.993878865979,3086,0.994201030928,3103,0.999677835052,3103,0.999677835052,4717,4624,3062,3104,0.986469072165,0.981761651347,0.989973889225,3064,3104,0.987113402062,0.982500595036,0.990522012477,3058,0.000644329896907,-0.00128865979381,0.00289948453608,1647,11959,0.137720545196,0.137720545196,0.131660536632,0.14401322116,1551,11959,0.129693118154,0.129693118154,0.12379045197,0.135833607206,1372,-0.00802742704239,-0.0115394263734,-0.00459904674304,probe,wilson_score,paired_nonparametric_bootstrap_percentile,2000,42,13392,0.889065923123,0.80587711147,-0.0142872316027,0.0153509981434,463,0.0307375688774,278,0.018455818894,185,0.0122817499834,13374,0.887870942043,13472,0.894376950143,0,1024,0,not_applicable,526336,pca_components_and_mean,step4_search_space_multi_fpir_v4,validation_required,True
rfw_custom,magface-6931178ad2025e1b3799,20260810-R001-5304b105,population-31f9968aa2a50a401340ac36,origin-embedding-c161f8d6dbea5317a0985e6f,rfw-custom-identity-balanced-open-set-v1-60b0908dc11e16d8,pca,pca_256,pca_direct_cosine,cosine_similarity,cosine_similarity,True,True,1,time.perf_counter,,,,1204.1556,1147.1596,0.076157445396,13130.6925383,1200,2048,2457600,1755136,1462.61333333,recalibrated_compressed,0.1,calibration,test,20,15063,3104,11959,,0.268196851015,0.24966365099,3085,0.993878865979,3086,0.994201030928,3103,0.999677835052,3103,0.999677835052,11162,11459,3084,3104,0.993556701031,0.990068249416,0.995825027509,3084,3104,0.993556701031,0.990068249416,0.995825027509,3082,0,-0.00128865979381,0.00128865979381,8061,11959,0.674053014466,0.674053014466,0.665597476097,0.682396770448,8360,11959,0.699055104942,0.699055104942,0.690771725938,0.70721064442,7572,0.0250020904758,0.0192323772891,0.0311083702651,probe,wilson_score,paired_nonparametric_bootstrap_percentile,2000,42,13392,0.889065923123,0.80587711147,-0.0142872316027,0.0153509981434,1279,0.0849100444799,491,0.0325964283343,788,0.0523136161455,6982,0.463519883157,6683,0.443669919671,0,1024,0,not_applicable,526336,pca_components_and_mean,step4_search_space_multi_fpir_v4,validation_required,True
rfw_custom,magface-6931178ad2025e1b3799,20260810-R001-5304b105,population-31f9968aa2a50a401340ac36,origin-embedding-c161f8d6dbea5317a0985e6f,rfw-custom-identity-balanced-open-set-v1-60b0908dc11e16d8,pca,pca_256,pca_reconstruction_cosine,cosine_similarity,cosine_similarity,True,True,1,time.perf_counter,,,,1193.3508,1258.1046,0.0835228440549,11972.7723752,1200,2048,2457600,1755136,1462.61333333,frozen_origin,0.01,calibration,test,20,15063,3104,11959,0.336998581886,0.336998581886,0.336998581886,3085,0.993878865979,3085,0.993878865979,3103,0.999677835052,3103,0.999677835052,4717,4717,3062,3104,0.986469072165,0.981761651347,0.989973889225,3062,3104,0.986469072165,0.981761651347,0.989973889225,3062,0,0,0,1647,11959,0.137720545196,0.137720545196,0.131660536632,0.14401322116,1647,11959,0.137720545196,0.137720545196,0.131660536632,0.14401322116,1647,0,0,0,probe,wilson_score,paired_nonparametric_bootstrap_percentile,2000,42,15058,0.999668060811,0.998805018921,3.33609131792e-05,3.91639573699e-05,0,0,0,0,0,0,13374,0.887870942043,13374,0.887870942043,0,1024,0,not_applicable,526336,pca_components_and_mean,step4_search_space_multi_fpir_v4,validation_required,True
rfw_custom,magface-6931178ad2025e1b3799,20260810-R001-5304b105,population-31f9968aa2a50a401340ac36,origin-embedding-c161f8d6dbea5317a0985e6f,rfw-custom-identity-balanced-open-set-v1-60b0908dc11e16d8,pca,pca_256,pca_reconstruction_cosine,cosine_similarity,cosine_similarity,True,True,1,time.perf_counter,,,,1193.3508,1258.1046,0.0835228440549,11972.7723752,1200,2048,2457600,1755136,1462.61333333,frozen_origin,0.1,calibration,test,20,15063,3104,11959,0.268196851015,0.268196851015,0.268196851015,3085,0.993878865979,3085,0.993878865979,3103,0.999677835052,3103,0.999677835052,11162,11164,3084,3104,0.993556701031,0.990068249416,0.995825027509,3084,3104,0.993556701031,0.990068249416,0.995825027509,3084,0,0,0,8061,11959,0.674053014466,0.674053014466,0.665597476097,0.682396770448,8063,11959,0.674220252529,0.674220252529,0.665765773509,0.682562841757,8061,0.000167238063383,0,0.000418095158458,probe,wilson_score,paired_nonparametric_bootstrap_percentile,2000,42,15058,0.999668060811,0.998805018921,3.33609131792e-05,3.91639573699e-05,2,0.000132775675496,0,0,2,0.000132775675496,6982,0.463519883157,6980,0.463387107482,0,1024,0,not_applicable,526336,pca_components_and_mean,step4_search_space_multi_fpir_v4,validation_required,True
rfw_custom,magface-6931178ad2025e1b3799,20260810-R001-5304b105,population-31f9968aa2a50a401340ac36,origin-embedding-c161f8d6dbea5317a0985e6f,rfw-custom-identity-balanced-open-set-v1-60b0908dc11e16d8,pca,pca_256,pca_reconstruction_cosine,cosine_similarity,cosine_similarity,True,True,1,time.perf_counter,,,,1193.3508,1258.1046,0.0835228440549,11972.7723752,1200,2048,2457600,1755136,1462.61333333,recalibrated_compressed,0.01,calibration,test,20,15063,3104,11959,,0.336998581886,0.337027847767,3085,0.993878865979,3085,0.993878865979,3103,0.999677835052,3103,0.999677835052,4717,4717,3062,3104,0.986469072165,0.981761651347,0.989973889225,3062,3104,0.986469072165,0.981761651347,0.989973889225,3062,0,0,0,1647,11959,0.137720545196,0.137720545196,0.131660536632,0.14401322116,1647,11959,0.137720545196,0.137720545196,0.131660536632,0.14401322116,1647,0,0,0,probe,wilson_score,paired_nonparametric_bootstrap_percentile,2000,42,15058,0.999668060811,0.998805018921,3.33609131792e-05,3.91639573699e-05,0,0,0,0,0,0,13374,0.887870942043,13374,0.887870942043,0,1024,0,not_applicable,526336,pca_components_and_mean,step4_search_space_multi_fpir_v4,validation_required,True
rfw_custom,magface-6931178ad2025e1b3799,20260810-R001-5304b105,population-31f9968aa2a50a401340ac36,origin-embedding-c161f8d6dbea5317a0985e6f,rfw-custom-identity-balanced-open-set-v1-60b0908dc11e16d8,pca,pca_256,pca_reconstruction_cosine,cosine_similarity,cosine_similarity,True,True,1,time.perf_counter,,,,1193.3508,1258.1046,0.0835228440549,11972.7723752,1200,2048,2457600,1755136,1462.61333333,recalibrated_compressed,0.1,calibration,test,20,15063,3104,11959,,0.268196851015,0.268196225166,3085,0.993878865979,3085,0.993878865979,3103,0.999677835052,3103,0.999677835052,11162,11164,3084,3104,0.993556701031,0.990068249416,0.995825027509,3084,3104,0.993556701031,0.990068249416,0.995825027509,3084,0,0,0,8061,11959,0.674053014466,0.674053014466,0.665597476097,0.682396770448,8063,11959,0.674220252529,0.674220252529,0.665765773509,0.682562841757,8061,0.000167238063383,0,0.000418095158458,probe,wilson_score,paired_nonparametric_bootstrap_percentile,2000,42,15058,0.999668060811,0.998805018921,3.33609131792e-05,3.91639573699e-05,2,0.000132775675496,0,0,2,0.000132775675496,6982,0.463519883157,6980,0.463387107482,0,1024,0,not_applicable,526336,pca_components_and_mean,step4_search_space_multi_fpir_v4,validation_required,True
rfw_custom,magface-6931178ad2025e1b3799,20260810-R001-5304b105,population-31f9968aa2a50a401340ac36,origin-embedding-c161f8d6dbea5317a0985e6f,rfw-custom-identity-balanced-open-set-v1-60b0908dc11e16d8,pca,pca_32,pca_direct_cosine,cosine_similarity,cosine_similarity,True,True,1,time.perf_counter,,,,1295.6395,1198.4894,0.07956511983,12568.321422,1200,2048,2457600,221184,184.32,frozen_origin,0.01,calibration,test,20,15063,3104,11959,0.336998581886,0.336998581886,0.336998581886,3085,0.993878865979,2570,0.827963917526,3103,0.999677835052,3003,0.967461340206,4717,15063,3062,3104,0.986469072165,0.981761651347,0.989973889225,2570,3104,0.827963917526,0.81428346936,0.840833603688,2569,-0.158505154639,-0.171713917526,-0.145932667526,1647,11959,0.137720545196,0.137720545196,0.131660536632,0.14401322116,11959,11959,1,1,0.999678884082,1,1647,0.862279454804,0.855840789364,0.868300025086,probe,wilson_score,paired_nonparametric_bootstrap_percentile,2000,42,3384,0.22465644294,0.137402710449,0.220086899832,0.22348167729,10346,0.686848569342,0,0,10346,0.686848569342,13374,0.887870942043,2570,0.170616743013,0,128,0,not_applicable,67584,pca_components_and_mean,step4_search_space_multi_fpir_v4,validation_required,True
rfw_custom,magface-6931178ad2025e1b3799,20260810-R001-5304b105,population-31f9968aa2a50a401340ac36,origin-embedding-c161f8d6dbea5317a0985e6f,rfw-custom-identity-balanced-open-set-v1-60b0908dc11e16d8,pca,pca_32,pca_direct_cosine,cosine_similarity,cosine_similarity,True,True,1,time.perf_counter,,,,1295.6395,1198.4894,0.07956511983,12568.321422,1200,2048,2457600,221184,184.32,frozen_origin,0.1,calibration,test,20,15063,3104,11959,0.268196851015,0.268196851015,0.268196851015,3085,0.993878865979,2570,0.827963917526,3103,0.999677835052,3003,0.967461340206,11162,15063,3084,3104,0.993556701031,0.990068249416,0.995825027509,2570,3104,0.827963917526,0.81428346936,0.840833603688,2570,-0.165592783505,-0.178165270619,-0.152706185567,8061,11959,0.674053014466,0.674053014466,0.665597476097,0.682396770448,11959,11959,1,1,0.999678884082,1,8061,0.325946985534,0.317668701396,0.334894221925,probe,wilson_score,paired_nonparametric_bootstrap_percentile,2000,42,3384,0.22465644294,0.137402710449,0.220086899832,0.22348167729,3901,0.258978955055,0,0,3901,0.258978955055,6982,0.463519883157,2570,0.170616743013,0,128,0,not_applicable,67584,pca_components_and_mean,step4_search_space_multi_fpir_v4,validation_required,True
rfw_custom,magface-6931178ad2025e1b3799,20260810-R001-5304b105,population-31f9968aa2a50a401340ac36,origin-embedding-c161f8d6dbea5317a0985e6f,rfw-custom-identity-balanced-open-set-v1-60b0908dc11e16d8,pca,pca_32,pca_direct_cosine,cosine_similarity,cosine_similarity,True,True,1,time.perf_counter,,,,1295.6395,1198.4894,0.07956511983,12568.321422,1200,2048,2457600,221184,184.32,recalibrated_compressed,0.01,calibration,test,20,15063,3104,11959,,0.336998581886,0.604688107967,3085,0.993878865979,2570,0.827963917526,3103,0.999677835052,3003,0.967461340206,4717,3998,3062,3104,0.986469072165,0.981761651347,0.989973889225,2286,3104,0.736469072165,0.720685442031,0.751668125373,2286,-0.25,-0.265149806701,-0.233891752577,1647,11959,0.137720545196,0.137720545196,0.131660536632,0.14401322116,1585,11959,0.132536165231,0.132536165231,0.126576933528,0.138731393908,293,-0.00518437996488,-0.0132118070073,0.00334476126766,probe,wilson_score,paired_nonparametric_bootstrap_percentile,2000,42,3384,0.22465644294,0.137402710449,0.220086899832,0.22348167729,3311,0.219810130784,2015,0.133771493062,1296,0.0860386377216,13374,0.887870942043,12660,0.840470025891,0,128,0,not_applicable,67584,pca_components_and_mean,step4_search_space_multi_fpir_v4,validation_required,True
rfw_custom,magface-6931178ad2025e1b3799,20260810-R001-5304b105,population-31f9968aa2a50a401340ac36,origin-embedding-c161f8d6dbea5317a0985e6f,rfw-custom-identity-balanced-open-set-v1-60b0908dc11e16d8,pca,pca_32,pca_direct_cosine,cosine_similarity,cosine_similarity,True,True,1,time.perf_counter,,,,1295.6395,1198.4894,0.07956511983,12568.321422,1200,2048,2457600,221184,184.32,recalibrated_compressed,0.1,calibration,test,20,15063,3104,11959,,0.268196851015,0.514796614647,3085,0.993878865979,2570,0.827963917526,3103,0.999677835052,3003,0.967461340206,11162,12203,3084,3104,0.993556701031,0.990068249416,0.995825027509,2556,3104,0.823453608247,0.809642815623,0.836464788837,2556,-0.170103092784,-0.182989690722,-0.156894329897,8061,11959,0.674053014466,0.674053014466,0.665597476097,0.682396770448,9180,11959,0.767622710929,0.767622710929,0.759967927149,0.775105618884,6289,0.0935696964629,0.0826135128355,0.104943975249,probe,wilson_score,paired_nonparametric_bootstrap_percentile,2000,42,3384,0.22465644294,0.137402710449,0.220086899832,0.22348167729,4747,0.31514306579,1853,0.123016663347,2894,0.192126402443,6982,0.463519883157,5335,0.354179114386,0,128,0,not_applicable,67584,pca_components_and_mean,step4_search_space_multi_fpir_v4,validation_required,True
rfw_custom,magface-6931178ad2025e1b3799,20260810-R001-5304b105,population-31f9968aa2a50a401340ac36,origin-embedding-c161f8d6dbea5317a0985e6f,rfw-custom-identity-balanced-open-set-v1-60b0908dc11e16d8,pca,pca_32,pca_reconstruction_cosine,cosine_similarity,cosine_similarity,True,True,1,time.perf_counter,,,,1303.6828,1234.5948,0.081962079267,12200.7641698,1200,2048,2457600,221184,184.32,frozen_origin,0.01,calibration,test,20,15063,3104,11959,0.336998581886,0.336998581886,0.336998581886,3085,0.993878865979,2570,0.827963917526,3103,0.999677835052,3006,0.968427835052,4717,15063,3062,3104,0.986469072165,0.981761651347,0.989973889225,2570,3104,0.827963917526,0.81428346936,0.840833603688,2569,-0.158505154639,-0.171713917526,-0.145932667526,1647,11959,0.137720545196,0.137720545196,0.131660536632,0.14401322116,11959,11959,1,1,0.999678884082,1,1647,0.862279454804,0.855840789364,0.868300025086,probe,wilson_score,paired_nonparametric_bootstrap_percentile,2000,42,3390,0.225054769966,0.136184753373,0.252541780361,0.254026690731,10346,0.686848569342,0,0,10346,0.686848569342,13374,0.887870942043,2570,0.170616743013,0,128,0,not_applicable,67584,pca_components_and_mean,step4_search_space_multi_fpir_v4,validation_required,True
rfw_custom,magface-6931178ad2025e1b3799,20260810-R001-5304b105,population-31f9968aa2a50a401340ac36,origin-embedding-c161f8d6dbea5317a0985e6f,rfw-custom-identity-balanced-open-set-v1-60b0908dc11e16d8,pca,pca_32,pca_reconstruction_cosine,cosine_similarity,cosine_similarity,True,True,1,time.perf_counter,,,,1303.6828,1234.5948,0.081962079267,12200.7641698,1200,2048,2457600,221184,184.32,frozen_origin,0.1,calibration,test,20,15063,3104,11959,0.268196851015,0.268196851015,0.268196851015,3085,0.993878865979,2570,0.827963917526,3103,0.999677835052,3006,0.968427835052,11162,15063,3084,3104,0.993556701031,0.990068249416,0.995825027509,2570,3104,0.827963917526,0.81428346936,0.840833603688,2570,-0.165592783505,-0.178165270619,-0.152706185567,8061,11959,0.674053014466,0.674053014466,0.665597476097,0.682396770448,11959,11959,1,1,0.999678884082,1,8061,0.325946985534,0.317668701396,0.334894221925,probe,wilson_score,paired_nonparametric_bootstrap_percentile,2000,42,3390,0.225054769966,0.136184753373,0.252541780361,0.254026690731,3901,0.258978955055,0,0,3901,0.258978955055,6982,0.463519883157,2570,0.170616743013,0,128,0,not_applicable,67584,pca_components_and_mean,step4_search_space_multi_fpir_v4,validation_required,True
rfw_custom,magface-6931178ad2025e1b3799,20260810-R001-5304b105,population-31f9968aa2a50a401340ac36,origin-embedding-c161f8d6dbea5317a0985e6f,rfw-custom-identity-balanced-open-set-v1-60b0908dc11e16d8,pca,pca_32,pca_reconstruction_cosine,cosine_similarity,cosine_similarity,True,True,1,time.perf_counter,,,,1303.6828,1234.5948,0.081962079267,12200.7641698,1200,2048,2457600,221184,184.32,recalibrated_compressed,0.01,calibration,test,20,15063,3104,11959,,0.336998581886,0.63935482502,3085,0.993878865979,2570,0.827963917526,3103,0.999677835052,3006,0.968427835052,4717,3928,3062,3104,0.986469072165,0.981761651347,0.989973889225,2274,3104,0.732603092784,0.716752151871,0.747879013886,2274,-0.253865979381,-0.269015786082,-0.237749677835,1647,11959,0.137720545196,0.137720545196,0.131660536632,0.14401322116,1525,11959,0.12751902333,0.12751902333,0.121660255508,0.133617010293,293,-0.0102015218664,-0.0182289489088,-0.00192323772891,probe,wilson_score,paired_nonparametric_bootstrap_percentile,2000,42,3390,0.225054769966,0.136184753373,0.252541780361,0.254026690731,3261,0.216490738897,2025,0.13443537144,1236,0.0820553674567,13374,0.887870942043,12708,0.843656642103,0,128,0,not_applicable,67584,pca_components_and_mean,step4_search_space_multi_fpir_v4,validation_required,True
rfw_custom,magface-6931178ad2025e1b3799,20260810-R001-5304b105,population-31f9968aa2a50a401340ac36,origin-embedding-c161f8d6dbea5317a0985e6f,rfw-custom-identity-balanced-open-set-v1-60b0908dc11e16d8,pca,pca_32,pca_reconstruction_cosine,cosine_similarity,cosine_similarity,True,True,1,time.perf_counter,,,,1303.6828,1234.5948,0.081962079267,12200.7641698,1200,2048,2457600,221184,184.32,recalibrated_compressed,0.1,calibration,test,20,15063,3104,11959,,0.268196851015,0.551059603691,3085,0.993878865979,2570,0.827963917526,3103,0.999677835052,3006,0.968427835052,11162,12252,3084,3104,0.993556701031,0.990068249416,0.995825027509,2552,3104,0.822164948454,0.808317509813,0.835215960764,2552,-0.171391752577,-0.184286404639,-0.158182989691,8061,11959,0.674053014466,0.674053014466,0.665597476097,0.682396770448,9222,11959,0.77113471026,0.77113471026,0.763519030214,0.778576258963,6365,0.097081695794,0.08629275023,0.10778493185,probe,wilson_score,paired_nonparametric_bootstrap_percentile,2000,42,3390,0.225054769966,0.136184753373,0.252541780361,0.254026690731,4630,0.307375688774,1770,0.117506472814,2860,0.18986921596,6982,0.463519883157,5289,0.35112527385,0,128,0,not_applicable,67584,pca_components_and_mean,step4_search_space_multi_fpir_v4,validation_required,True
rfw_custom,magface-6931178ad2025e1b3799,20260810-R001-5304b105,population-31f9968aa2a50a401340ac36,origin-embedding-c161f8d6dbea5317a0985e6f,rfw-custom-identity-balanced-open-set-v1-60b0908dc11e16d8,pca,pca_384,pca_direct_cosine,cosine_similarity,cosine_similarity,True,True,1,time.perf_counter,,,,1309.4414,1227.7341,0.0815066122286,12268.9432508,1200,2048,2457600,2631680,2193.06666667,frozen_origin,0.01,calibration,test,20,15063,3104,11959,0.336998581886,0.336998581886,0.336998581886,3085,0.993878865979,3086,0.994201030928,3103,0.999677835052,3103,0.999677835052,4717,4023,3062,3104,0.986469072165,0.981761651347,0.989973889225,3059,3104,0.98550257732,0.980657480892,0.989147459269,3057,-0.000966494845361,-0.00289948453608,0.000644329896907,1647,11959,0.137720545196,0.137720545196,0.131660536632,0.14401322116,958,11959,0.0801070323606,0.0801070323606,0.0753755355297,0.0851081978232,950,-0.0576135128355,-0.0621289405469,-0.0533468517435,probe,wilson_score,paired_nonparametric_bootstrap_percentile,2000,42,13394,0.889198698798,0.805829389198,-0.0143140067714,0.0153722530329,714,0.0474009161522,704,0.0467370377747,10,0.000663878377481,13374,0.887870942043,14060,0.933412998739,0,1536,0,not_applicable,788480,pca_components_and_mean,step4_search_space_multi_fpir_v4,validation_required,True
rfw_custom,magface-6931178ad2025e1b3799,20260810-R001-5304b105,population-31f9968aa2a50a401340ac36,origin-embedding-c161f8d6dbea5317a0985e6f,rfw-custom-identity-balanced-open-set-v1-60b0908dc11e16d8,pca,pca_384,pca_direct_cosine,cosine_similarity,cosine_similarity,True,True,1,time.perf_counter,,,,1309.4414,1227.7341,0.0815066122286,12268.9432508,1200,2048,2457600,2631680,2193.06666667,frozen_origin,0.1,calibration,test,20,15063,3104,11959,0.268196851015,0.268196851015,0.268196851015,3085,0.993878865979,3086,0.994201030928,3103,0.999677835052,3103,0.999677835052,11162,9139,3084,3104,0.993556701031,0.990068249416,0.995825027509,3084,3104,0.993556701031,0.990068249416,0.995825027509,3082,0,-0.00128865979381,0.00128865979381,8061,11959,0.674053014466,0.674053014466,0.665597476097,0.682396770448,6040,11959,0.505058951417,0.505058951417,0.496097931621,0.514016722194,5970,-0.168994063049,-0.175850823647,-0.162053683418,probe,wilson_score,paired_nonparametric_bootstrap_percentile,2000,42,13394,0.889198698798,0.805829389198,-0.0143140067714,0.0153722530329,2163,0.143596893049,2093,0.138949744407,70,0.00464714864237,6982,0.463519883157,9003,0.597689703246,0,1536,0,not_applicable,788480,pca_components_and_mean,step4_search_space_multi_fpir_v4,validation_required,True
rfw_custom,magface-6931178ad2025e1b3799,20260810-R001-5304b105,population-31f9968aa2a50a401340ac36,origin-embedding-c161f8d6dbea5317a0985e6f,rfw-custom-identity-balanced-open-set-v1-60b0908dc11e16d8,pca,pca_384,pca_direct_cosine,cosine_similarity,cosine_similarity,True,True,1,time.perf_counter,,,,1309.4414,1227.7341,0.0815066122286,12268.9432508,1200,2048,2457600,2631680,2193.06666667,recalibrated_compressed,0.01,calibration,test,20,15063,3104,11959,,0.336998581886,0.320919185877,3085,0.993878865979,3086,0.994201030928,3103,0.999677835052,3103,0.999677835052,4717,4619,3062,3104,0.986469072165,0.981761651347,0.989973889225,3064,3104,0.987113402062,0.982500595036,0.990522012477,3058,0.000644329896907,-0.00128865979381,0.00289948453608,1647,11959,0.137720545196,0.137720545196,0.131660536632,0.14401322116,1546,11959,0.129275022995,0.129275022995,0.123380755105,0.135407382269,1372,-0.00844552220085,-0.0119575215319,-0.00510076093319,probe,wilson_score,paired_nonparametric_bootstrap_percentile,2000,42,13394,0.889198698798,0.805829389198,-0.0143140067714,0.0153722530329,458,0.0304056296886,278,0.018455818894,180,0.0119498107947,13374,0.887870942043,13477,0.894708889331,0,1536,0,not_applicable,788480,pca_components_and_mean,step4_search_space_multi_fpir_v4,validation_required,True
rfw_custom,magface-6931178ad2025e1b3799,20260810-R001-5304b105,population-31f9968aa2a50a401340ac36,origin-embedding-c161f8d6dbea5317a0985e6f,rfw-custom-identity-balanced-open-set-v1-60b0908dc11e16d8,pca,pca_384,pca_direct_cosine,cosine_similarity,cosine_similarity,True,True,1,time.perf_counter,,,,1309.4414,1227.7341,0.0815066122286,12268.9432508,1200,2048,2457600,2631680,2193.06666667,recalibrated_compressed,0.1,calibration,test,20,15063,3104,11959,,0.268196851015,0.249637901783,3085,0.993878865979,3086,0.994201030928,3103,0.999677835052,3103,0.999677835052,11162,11459,3084,3104,0.993556701031,0.990068249416,0.995825027509,3084,3104,0.993556701031,0.990068249416,0.995825027509,3082,0,-0.00128865979381,0.00128865979381,8061,11959,0.674053014466,0.674053014466,0.665597476097,0.682396770448,8360,11959,0.699055104942,0.699055104942,0.690771725938,0.70721064442,7572,0.0250020904758,0.0192323772891,0.0311083702651,probe,wilson_score,paired_nonparametric_bootstrap_percentile,2000,42,13394,0.889198698798,0.805829389198,-0.0143140067714,0.0153722530329,1279,0.0849100444799,491,0.0325964283343,788,0.0523136161455,6982,0.463519883157,6683,0.443669919671,0,1536,0,not_applicable,788480,pca_components_and_mean,step4_search_space_multi_fpir_v4,validation_required,True
rfw_custom,magface-6931178ad2025e1b3799,20260810-R001-5304b105,population-31f9968aa2a50a401340ac36,origin-embedding-c161f8d6dbea5317a0985e6f,rfw-custom-identity-balanced-open-set-v1-60b0908dc11e16d8,pca,pca_384,pca_reconstruction_cosine,cosine_similarity,cosine_similarity,True,True,1,time.perf_counter,,,,1198.6625,1338.6726,0.0888715793666,11252.1911631,1200,2048,2457600,2631680,2193.06666667,frozen_origin,0.01,calibration,test,20,15063,3104,11959,0.336998581886,0.336998581886,0.336998581886,3085,0.993878865979,3085,0.993878865979,3103,0.999677835052,3103,0.999677835052,4717,4717,3062,3104,0.986469072165,0.981761651347,0.989973889225,3062,3104,0.986469072165,0.981761651347,0.989973889225,3062,0,0,0,1647,11959,0.137720545196,0.137720545196,0.131660536632,0.14401322116,1647,11959,0.137720545196,0.137720545196,0.131660536632,0.14401322116,1647,0,0,0,probe,wilson_score,paired_nonparametric_bootstrap_percentile,2000,42,15062,0.999933612162,0.999936773488,4.29350304301e-06,4.33452352698e-06,0,0,0,0,0,0,13374,0.887870942043,13374,0.887870942043,0,1536,0,not_applicable,788480,pca_components_and_mean,step4_search_space_multi_fpir_v4,validation_required,True
rfw_custom,magface-6931178ad2025e1b3799,20260810-R001-5304b105,population-31f9968aa2a50a401340ac36,origin-embedding-c161f8d6dbea5317a0985e6f,rfw-custom-identity-balanced-open-set-v1-60b0908dc11e16d8,pca,pca_384,pca_reconstruction_cosine,cosine_similarity,cosine_similarity,True,True,1,time.perf_counter,,,,1198.6625,1338.6726,0.0888715793666,11252.1911631,1200,2048,2457600,2631680,2193.06666667,frozen_origin,0.1,calibration,test,20,15063,3104,11959,0.268196851015,0.268196851015,0.268196851015,3085,0.993878865979,3085,0.993878865979,3103,0.999677835052,3103,0.999677835052,11162,11162,3084,3104,0.993556701031,0.990068249416,0.995825027509,3084,3104,0.993556701031,0.990068249416,0.995825027509,3084,0,0,0,8061,11959,0.674053014466,0.674053014466,0.665597476097,0.682396770448,8061,11959,0.674053014466,0.674053014466,0.665597476097,0.682396770448,8061,0,0,0,probe,wilson_score,paired_nonparametric_bootstrap_percentile,2000,42,15062,0.999933612162,0.999936773488,4.29350304301e-06,4.33452352698e-06,0,0,0,0,0,0,6982,0.463519883157,6982,0.463519883157,0,1536,0,not_applicable,788480,pca_components_and_mean,step4_search_space_multi_fpir_v4,validation_required,True
rfw_custom,magface-6931178ad2025e1b3799,20260810-R001-5304b105,population-31f9968aa2a50a401340ac36,origin-embedding-c161f8d6dbea5317a0985e6f,rfw-custom-identity-balanced-open-set-v1-60b0908dc11e16d8,pca,pca_384,pca_reconstruction_cosine,cosine_similarity,cosine_similarity,True,True,1,time.perf_counter,,,,1198.6625,1338.6726,0.0888715793666,11252.1911631,1200,2048,2457600,2631680,2193.06666667,recalibrated_compressed,0.01,calibration,test,20,15063,3104,11959,,0.336998581886,0.337001681328,3085,0.993878865979,3085,0.993878865979,3103,0.999677835052,3103,0.999677835052,4717,4717,3062,3104,0.986469072165,0.981761651347,0.989973889225,3062,3104,0.986469072165,0.981761651347,0.989973889225,3062,0,0,0,1647,11959,0.137720545196,0.137720545196,0.131660536632,0.14401322116,1647,11959,0.137720545196,0.137720545196,0.131660536632,0.14401322116,1647,0,0,0,probe,wilson_score,paired_nonparametric_bootstrap_percentile,2000,42,15062,0.999933612162,0.999936773488,4.29350304301e-06,4.33452352698e-06,0,0,0,0,0,0,13374,0.887870942043,13374,0.887870942043,0,1536,0,not_applicable,788480,pca_components_and_mean,step4_search_space_multi_fpir_v4,validation_required,True
rfw_custom,magface-6931178ad2025e1b3799,20260810-R001-5304b105,population-31f9968aa2a50a401340ac36,origin-embedding-c161f8d6dbea5317a0985e6f,rfw-custom-identity-balanced-open-set-v1-60b0908dc11e16d8,pca,pca_384,pca_reconstruction_cosine,cosine_similarity,cosine_similarity,True,True,1,time.perf_counter,,,,1198.6625,1338.6726,0.0888715793666,11252.1911631,1200,2048,2457600,2631680,2193.06666667,recalibrated_compressed,0.1,calibration,test,20,15063,3104,11959,,0.268196851015,0.268198162317,3085,0.993878865979,3085,0.993878865979,3103,0.999677835052,3103,0.999677835052,11162,11162,3084,3104,0.993556701031,0.990068249416,0.995825027509,3084,3104,0.993556701031,0.990068249416,0.995825027509,3084,0,0,0,8061,11959,0.674053014466,0.674053014466,0.665597476097,0.682396770448,8061,11959,0.674053014466,0.674053014466,0.665597476097,0.682396770448,8061,0,0,0,probe,wilson_score,paired_nonparametric_bootstrap_percentile,2000,42,15062,0.999933612162,0.999936773488,4.29350304301e-06,4.33452352698e-06,0,0,0,0,0,0,6982,0.463519883157,6982,0.463519883157,0,1536,0,not_applicable,788480,pca_components_and_mean,step4_search_space_multi_fpir_v4,validation_required,True
rfw_custom,magface-6931178ad2025e1b3799,20260810-R001-5304b105,population-31f9968aa2a50a401340ac36,origin-embedding-c161f8d6dbea5317a0985e6f,rfw-custom-identity-balanced-open-set-v1-60b0908dc11e16d8,pca,pca_64,pca_direct_cosine,cosine_similarity,cosine_similarity,True,True,1,time.perf_counter,,,,1232.9112,1136.3076,0.0754370045807,13256.0936845,1200,2048,2457600,440320,366.933333333,frozen_origin,0.01,calibration,test,20,15063,3104,11959,0.336998581886,0.336998581886,0.336998581886,3085,0.993878865979,2967,0.955863402062,3103,0.999677835052,3088,0.994845360825,4717,14934,3062,3104,0.986469072165,0.981761651347,0.989973889225,2967,3104,0.955863402062,0.948056669927,0.96254319094,2960,-0.0306056701031,-0.0370570231959,-0.0238402061856,1647,11959,0.137720545196,0.137720545196,0.131660536632,0.14401322116,11831,11959,0.989296763943,0.989296763943,0.98728899992,0.990990286007,1643,0.851576218747,0.845219081863,0.857764027093,probe,wilson_score,paired_nonparametric_bootstrap_percentile,2000,42,5280,0.35052778331,0.254330929289,0.103757023641,0.107156034193,10225,0.678815640975,4,0.000265551350992,10221,0.678550089624,13374,0.887870942043,3095,0.20547035783,0,256,0,not_applicable,133120,pca_components_and_mean,step4_search_space_multi_fpir_v4,validation_required,True
rfw_custom,magface-6931178ad2025e1b3799,20260810-R001-5304b105,population-31f9968aa2a50a401340ac36,origin-embedding-c161f8d6dbea5317a0985e6f,rfw-custom-identity-balanced-open-set-v1-60b0908dc11e16d8,pca,pca_64,pca_direct_cosine,cosine_similarity,cosine_similarity,True,True,1,time.perf_counter,,,,1232.9112,1136.3076,0.0754370045807,13256.0936845,1200,2048,2457600,440320,366.933333333,frozen_origin,0.1,calibration,test,20,15063,3104,11959,0.268196851015,0.268196851015,0.268196851015,3085,0.993878865979,2967,0.955863402062,3103,0.999677835052,3088,0.994845360825,11162,15063,3084,3104,0.993556701031,0.990068249416,0.995825027509,2967,3104,0.955863402062,0.948056669927,0.96254319094,2964,-0.0376932989691,-0.0447889819588,-0.0306056701031,8061,11959,0.674053014466,0.674053014466,0.665597476097,0.682396770448,11959,11959,1,1,0.999678884082,1,8061,0.325946985534,0.317668701396,0.334894221925,probe,wilson_score,paired_nonparametric_bootstrap_percentile,2000,42,5280,0.35052778331,0.254330929289,0.103757023641,0.107156034193,3901,0.258978955055,0,0,3901,0.258978955055,6982,0.463519883157,2967,0.196972714599,0,256,0,not_applicable,133120,pca_components_and_mean,step4_search_space_multi_fpir_v4,validation_required,True
rfw_custom,magface-6931178ad2025e1b3799,20260810-R001-5304b105,population-31f9968aa2a50a401340ac36,origin-embedding-c161f8d6dbea5317a0985e6f,rfw-custom-identity-balanced-open-set-v1-60b0908dc11e16d8,pca,pca_64,pca_direct_cosine,cosine_similarity,cosine_similarity,True,True,1,time.perf_counter,,,,1232.9112,1136.3076,0.0754370045807,13256.0936845,1200,2048,2457600,440320,366.933333333,recalibrated_compressed,0.01,calibration,test,20,15063,3104,11959,,0.336998581886,0.455105304718,3085,0.993878865979,2967,0.955863402062,3103,0.999677835052,3088,0.994845360825,4717,4652,3062,3104,0.986469072165,0.981761651347,0.989973889225,2901,3104,0.934600515464,0.925354759483,0.942771892326,2898,-0.051868556701,-0.0599226804124,-0.0441365979381,1647,11959,0.137720545196,0.137720545196,0.131660536632,0.14401322116,1702,11959,0.142319591939,0.142319591939,0.136172650461,0.148696247163,542,0.00459904674304,-0.00317961368007,0.0126264737854,probe,wilson_score,paired_nonparametric_bootstrap_percentile,2000,42,5280,0.35052778331,0.254330929289,0.103757023641,0.107156034193,2395,0.158998871407,1230,0.0816570404302,1165,0.0773418309766,13374,0.887870942043,13158,0.87353116909,0,256,0,not_applicable,133120,pca_components_and_mean,step4_search_space_multi_fpir_v4,validation_required,True
rfw_custom,magface-6931178ad2025e1b3799,20260810-R001-5304b105,population-31f9968aa2a50a401340ac36,origin-embedding-c161f8d6dbea5317a0985e6f,rfw-custom-identity-balanced-open-set-v1-60b0908dc11e16d8,pca,pca_64,pca_direct_cosine,cosine_similarity,cosine_similarity,True,True,1,time.perf_counter,,,,1232.9112,1136.3076,0.0754370045807,13256.0936845,1200,2048,2457600,440320,366.933333333,recalibrated_compressed,0.1,calibration,test,20,15063,3104,11959,,0.268196851015,0.381230801344,3085,0.993878865979,2967,0.955863402062,3103,0.999677835052,3088,0.994845360825,11162,12285,3084,3104,0.993556701031,0.990068249416,0.995825027509,2964,3104,0.954896907216,0.947016740632,0.961652519824,2961,-0.0386597938144,-0.0457474226804,-0.0315721649485,8061,11959,0.674053014466,0.674053014466,0.665597476097,0.682396770448,9200,11959,0.769295091563,0.769295091563,0.761658836464,0.776758396781,6544,0.0952420770967,0.0844552220085,0.105111213312,probe,wilson_score,paired_nonparametric_bootstrap_percentile,2000,42,5280,0.35052778331,0.254330929289,0.103757023641,0.107156034193,4193,0.278364203678,1535,0.101905330943,2658,0.176458872735,6982,0.463519883157,5723,0.379937595433,0,256,0,not_applicable,133120,pca_components_and_mean,step4_search_space_multi_fpir_v4,validation_required,True
rfw_custom,magface-6931178ad2025e1b3799,20260810-R001-5304b105,population-31f9968aa2a50a401340ac36,origin-embedding-c161f8d6dbea5317a0985e6f,rfw-custom-identity-balanced-open-set-v1-60b0908dc11e16d8,pca,pca_64,pca_reconstruction_cosine,cosine_similarity,cosine_similarity,True,True,1,time.perf_counter,,,,1258.3753,1220.9599,0.0810568877382,12337.014508,1200,2048,2457600,440320,366.933333333,frozen_origin,0.01,calibration,test,20,15063,3104,11959,0.336998581886,0.336998581886,0.336998581886,3085,0.993878865979,2975,0.958440721649,3103,0.999677835052,3089,0.995167525773,4717,15052,3062,3104,0.986469072165,0.981761651347,0.989973889225,2975,3104,0.958440721649,0.950834481977,0.964913646655,2966,-0.0280283505155,-0.0344716494845,-0.0215850515464,1647,11959,0.137720545196,0.137720545196,0.131660536632,0.14401322116,11948,11959,0.999080190651,0.999080190651,0.998353555528,0.999486300588,1647,0.861359645455,0.855422694205,0.867463834769,probe,wilson_score,paired_nonparametric_bootstrap_percentile,2000,42,5300,0.351855540065,0.256664349668,0.128466257336,0.130173230186,10335,0.686118303127,0,0,10335,0.686118303127,13374,0.887870942043,2986,0.198234083516,0,256,0,not_applicable,133120,pca_components_and_mean,step4_search_space_multi_fpir_v4,validation_required,True
rfw_custom,magface-6931178ad2025e1b3799,20260810-R001-5304b105,population-31f9968aa2a50a401340ac36,origin-embedding-c161f8d6dbea5317a0985e6f,rfw-custom-identity-balanced-open-set-v1-60b0908dc11e16d8,pca,pca_64,pca_reconstruction_cosine,cosine_similarity,cosine_similarity,True,True,1,time.perf_counter,,,,1258.3753,1220.9599,0.0810568877382,12337.014508,1200,2048,2457600,440320,366.933333333,frozen_origin,0.1,calibration,test,20,15063,3104,11959,0.268196851015,0.268196851015,0.268196851015,3085,0.993878865979,2975,0.958440721649,3103,0.999677835052,3089,0.995167525773,11162,15063,3084,3104,0.993556701031,0.990068249416,0.995825027509,2975,3104,0.958440721649,0.950834481977,0.964913646655,2971,-0.0351159793814,-0.041881443299,-0.0283505154639,8061,11959,0.674053014466,0.674053014466,0.665597476097,0.682396770448,11959,11959,1,1,0.999678884082,1,8061,0.325946985534,0.317668701396,0.334894221925,probe,wilson_score,paired_nonparametric_bootstrap_percentile,2000,42,5300,0.351855540065,0.256664349668,0.128466257336,0.130173230186,3901,0.258978955055,0,0,3901,0.258978955055,6982,0.463519883157,2975,0.197503817301,0,256,0,not_applicable,133120,pca_components_and_mean,step4_search_space_multi_fpir_v4,validation_required,True
rfw_custom,magface-6931178ad2025e1b3799,20260810-R001-5304b105,population-31f9968aa2a50a401340ac36,origin-embedding-c161f8d6dbea5317a0985e6f,rfw-custom-identity-balanced-open-set-v1-60b0908dc11e16d8,pca,pca_64,pca_reconstruction_cosine,cosine_similarity,cosine_similarity,True,True,1,time.perf_counter,,,,1258.3753,1220.9599,0.0810568877382,12337.014508,1200,2048,2457600,440320,366.933333333,recalibrated_compressed,0.01,calibration,test,20,15063,3104,11959,,0.336998581886,0.47580948472,3085,0.993878865979,2975,0.958440721649,3103,0.999677835052,3089,0.995167525773,4717,5121,3062,3104,0.986469072165,0.981761651347,0.989973889225,2910,3104,0.9375,0.928431773485,0.945486679559,2908,-0.0489690721649,-0.0567010309278,-0.041881443299,1647,11959,0.137720545196,0.137720545196,0.131660536632,0.14401322116,2163,11959,0.180867965549,0.180867965549,0.174072230484,0.187868657366,654,0.0431474203529,0.0350363742788,0.0514257044903,probe,wilson_score,paired_nonparametric_bootstrap_percentile,2000,42,5300,0.351855540065,0.256664349668,0.128466257336,0.130173230186,2626,0.174334461927,1111,0.0737568877382,1515,0.100577574188,13374,0.887870942043,12706,0.843523866428,0,256,0,not_applicable,133120,pca_components_and_mean,step4_search_space_multi_fpir_v4,validation_required,True
rfw_custom,magface-6931178ad2025e1b3799,20260810-R001-5304b105,population-31f9968aa2a50a401340ac36,origin-embedding-c161f8d6dbea5317a0985e6f,rfw-custom-identity-balanced-open-set-v1-60b0908dc11e16d8,pca,pca_64,pca_reconstruction_cosine,cosine_similarity,cosine_similarity,True,True,1,time.perf_counter,,,,1258.3753,1220.9599,0.0810568877382,12337.014508,1200,2048,2457600,440320,366.933333333,recalibrated_compressed,0.1,calibration,test,20,15063,3104,11959,,0.268196851015,0.407787173986,3085,0.993878865979,2975,0.958440721649,3103,0.999677835052,3089,0.995167525773,11162,12337,3084,3104,0.993556701031,0.990068249416,0.995825027509,2970,3104,0.956829896907,0.949097537076,0.963432924203,2967,-0.0367268041237,-0.0438144329897,-0.0299613402062,8061,11959,0.674053014466,0.674053014466,0.665597476097,0.682396770448,9255,11959,0.773894138306,0.773894138306,0.7663097046,0.781302668477,6677,0.0998411238398,0.08947236391,0.110042645706,probe,wilson_score,paired_nonparametric_bootstrap_percentile,2000,42,5300,0.351855540065,0.256664349668,0.128466257336,0.130173230186,3983,0.264422757751,1404,0.0932085241984,2579,0.171214233552,6982,0.463519883157,5674,0.376684591383,0,256,0,not_applicable,133120,pca_components_and_mean,step4_search_space_multi_fpir_v4,validation_required,True
rfw_custom,magface-6931178ad2025e1b3799,20260810-R001-5304b105,population-31f9968aa2a50a401340ac36,origin-embedding-c161f8d6dbea5317a0985e6f,rfw-custom-identity-balanced-open-set-v1-60b0908dc11e16d8,pq,pq_512_m128_b8,pq_adc_exhaustive,cosine_similarity,negative_squared_l2_adc,False,False,1,time.perf_counter,1.1470999998,0.277300001471,38.9725999994,1258.1752,1143.7907,0.0759337914094,13169.3674376,1200,2048,2457600,677888,564.906666667,recalibrated_compressed,0.01,calibration,test,20,15063,3104,11959,,0.336998581886,-1.28023147583,3085,0.993878865979,3079,0.991945876289,3103,0.999677835052,3102,0.999355670103,4717,4626,3062,3104,0.986469072165,0.981761651347,0.989973889225,3058,3104,0.985180412371,0.980290482585,0.988870924105,3054,-0.00128865979381,-0.00354381443299,0.000966494845361,1647,11959,0.137720545196,0.137720545196,0.131660536632,0.14401322116,1557,11959,0.130194832344,0.130194832344,0.124282115435,0.136345049904,1292,-0.00752571285225,-0.0117066644368,-0.00351199933105,probe,wilson_score,paired_nonparametric_bootstrap_percentile,2000,42,11269,0.748124543584,0.637132075026,,,631,0.0418907256191,361,0.0239660094271,270,0.017924716192,13374,0.887870942043,13460,0.89358029609,0,128,524288,faiss_centroids,524288,faiss_centroids,step4_search_space_multi_fpir_v4,validation_required,True
rfw_custom,magface-6931178ad2025e1b3799,20260810-R001-5304b105,population-31f9968aa2a50a401340ac36,origin-embedding-c161f8d6dbea5317a0985e6f,rfw-custom-identity-balanced-open-set-v1-60b0908dc11e16d8,pq,pq_512_m128_b8,pq_adc_exhaustive,cosine_similarity,negative_squared_l2_adc,False,False,1,time.perf_counter,1.1470999998,0.277300001471,38.9725999994,1258.1752,1143.7907,0.0759337914094,13169.3674376,1200,2048,2457600,677888,564.906666667,recalibrated_compressed,0.1,calibration,test,20,15063,3104,11959,,0.268196851015,-1.4032241106,3085,0.993878865979,3079,0.991945876289,3103,0.999677835052,3102,0.999355670103,11162,11040,3084,3104,0.993556701031,0.990068249416,0.995825027509,3078,3104,0.99162371134,0.987754736953,0.994277339149,3077,-0.00193298969072,-0.00386597938144,-0.000322164948454,8061,11959,0.674053014466,0.674053014466,0.665597476097,0.682396770448,7940,11959,0.663935111631,0.663935111631,0.655417727871,0.672347211044,7275,-0.0101179028347,-0.0164729492432,-0.00359352788695,probe,wilson_score,paired_nonparametric_bootstrap_percentile,2000,42,11269,0.748124543584,0.637132075026,,,1452,0.0963951404103,787,0.0522472283078,665,0.0441479121025,6982,0.463519883157,7097,0.471154484498,0,128,524288,faiss_centroids,524288,faiss_centroids,step4_search_space_multi_fpir_v4,validation_required,True
rfw_custom,magface-6931178ad2025e1b3799,20260810-R001-5304b105,population-31f9968aa2a50a401340ac36,origin-embedding-c161f8d6dbea5317a0985e6f,rfw-custom-identity-balanced-open-set-v1-60b0908dc11e16d8,pq,pq_512_m128_b8,pq_reconstruction_cosine,cosine_similarity,cosine_similarity,True,True,1,time.perf_counter,,,,1258.1752,1234.1004,0.0819292571202,12205.6519875,1200,2048,2457600,677888,564.906666667,frozen_origin,0.01,calibration,test,20,15063,3104,11959,0.336998581886,0.336998581886,0.336998581886,3085,0.993878865979,3081,0.992590206186,3103,0.999677835052,3102,0.999355670103,4717,3813,3062,3104,0.986469072165,0.981761651347,0.989973889225,3039,3104,0.979059278351,0.973398362111,0.983535908638,3039,-0.00740979381443,-0.010631443299,-0.00451030927835,1647,11959,0.137720545196,0.137720545196,0.131660536632,0.14401322116,769,11959,0.0643030353709,0.0643030353709,0.0600451580058,0.0688407311977,742,-0.0734175098252,-0.0781022660758,-0.0685676059871,probe,wilson_score,paired_nonparametric_bootstrap_percentile,2000,42,10941,0.726349332802,0.614049666133,-0.0256431329639,0.0276920400797,958,0.0635995485627,931,0.0618070769435,27,0.0017924716192,13374,0.887870942043,14229,0.944632543318,0,128,524288,faiss_centroids,524288,faiss_centroids,step4_search_space_multi_fpir_v4,validation_required,True
rfw_custom,magface-6931178ad2025e1b3799,20260810-R001-5304b105,population-31f9968aa2a50a401340ac36,origin-embedding-c161f8d6dbea5317a0985e6f,rfw-custom-identity-balanced-open-set-v1-60b0908dc11e16d8,pq,pq_512_m128_b8,pq_reconstruction_cosine,cosine_similarity,cosine_similarity,True,True,1,time.perf_counter,,,,1258.1752,1234.1004,0.0819292571202,12205.6519875,1200,2048,2457600,677888,564.906666667,frozen_origin,0.1,calibration,test,20,15063,3104,11959,0.268196851015,0.268196851015,0.268196851015,3085,0.993878865979,3081,0.992590206186,3103,0.999677835052,3102,0.999355670103,11162,9073,3084,3104,0.993556701031,0.990068249416,0.995825027509,3078,3104,0.99162371134,0.987754736953,0.994277339149,3078,-0.00193298969072,-0.00354381443299,-0.000644329896907,8061,11959,0.674053014466,0.674053014466,0.665597476097,0.682396770448,5976,11959,0.499707333389,0.499707333389,0.490747575133,0.508667279605,5784,-0.174345681077,-0.182122251024,-0.167152353876,probe,wilson_score,paired_nonparametric_bootstrap_percentile,2000,42,10941,0.726349332802,0.614049666133,-0.0256431329639,0.0276920400797,2473,0.164177122751,2281,0.151430657903,192,0.0127464648476,6982,0.463519883157,9061,0.601540197836,0,128,524288,faiss_centroids,524288,faiss_centroids,step4_search_space_multi_fpir_v4,validation_required,True
rfw_custom,magface-6931178ad2025e1b3799,20260810-R001-5304b105,population-31f9968aa2a50a401340ac36,origin-embedding-c161f8d6dbea5317a0985e6f,rfw-custom-identity-balanced-open-set-v1-60b0908dc11e16d8,pq,pq_512_m128_b8,pq_reconstruction_cosine,cosine_similarity,cosine_similarity,True,True,1,time.perf_counter,,,,1258.1752,1234.1004,0.0819292571202,12205.6519875,1200,2048,2457600,677888,564.906666667,recalibrated_compressed,0.01,calibration,test,20,15063,3104,11959,,0.336998581886,0.316547513008,3085,0.993878865979,3081,0.992590206186,3103,0.999677835052,3102,0.999355670103,4717,4600,3062,3104,0.986469072165,0.981761651347,0.989973889225,3055,3104,0.984213917526,0.979192435868,0.98803837041,3052,-0.00225515463918,-0.00451836340206,0,1647,11959,0.137720545196,0.137720545196,0.131660536632,0.14401322116,1536,11959,0.128438832678,0.128438832678,0.122561423612,0.134554870156,1241,-0.00928171251777,-0.013546283134,-0.0050150514257,probe,wilson_score,paired_nonparametric_bootstrap_percentile,2000,42,10941,0.726349332802,0.614049666133,-0.0256431329639,0.0276920400797,715,0.0474673039899,416,0.0276173405032,299,0.0198499634867,13374,0.887870942043,13478,0.894775277169,0,128,524288,faiss_centroids,524288,faiss_centroids,step4_search_space_multi_fpir_v4,validation_required,True
rfw_custom,magface-6931178ad2025e1b3799,20260810-R001-5304b105,population-31f9968aa2a50a401340ac36,origin-embedding-c161f8d6dbea5317a0985e6f,rfw-custom-identity-balanced-open-set-v1-60b0908dc11e16d8,pq,pq_512_m128_b8,pq_reconstruction_cosine,cosine_similarity,cosine_similarity,True,True,1,time.perf_counter,,,,1258.1752,1234.1004,0.0819292571202,12205.6519875,1200,2048,2457600,677888,564.906666667,recalibrated_compressed,0.1,calibration,test,20,15063,3104,11959,,0.268196851015,0.253337532282,3085,0.993878865979,3081,0.992590206186,3103,0.999677835052,3102,0.999355670103,11162,11091,3084,3104,0.993556701031,0.990068249416,0.995825027509,3078,3104,0.99162371134,0.987754736953,0.994277339149,3078,-0.00193298969072,-0.00354381443299,-0.000644329896907,8061,11959,0.674053014466,0.674053014466,0.665597476097,0.682396770448,7993,11959,0.668366920311,0.668366920311,0.659876084607,0.676749625418,7186,-0.00568609415503,-0.0125428547537,0.00125637595117,probe,wilson_score,paired_nonparametric_bootstrap_percentile,2000,42,10941,0.726349332802,0.614049666133,-0.0256431329639,0.0276920400797,1685,0.111863506606,878,0.0582885215429,807,0.0535749850627,6982,0.463519883157,7044,0.467635929098,0,128,524288,faiss_centroids,524288,faiss_centroids,step4_search_space_multi_fpir_v4,validation_required,True
rfw_custom,magface-6931178ad2025e1b3799,20260810-R001-5304b105,population-31f9968aa2a50a401340ac36,origin-embedding-c161f8d6dbea5317a0985e6f,rfw-custom-identity-balanced-open-set-v1-60b0908dc11e16d8,pq,pq_512_m16_b8,pq_adc_exhaustive,cosine_similarity,negative_squared_l2_adc,False,False,1,time.perf_counter,0.304199998936,0.0325999990309,12.6419999997,1244.5505,197.4675,0.0131094403505,76280.9069846,1200,2048,2457600,543488,452.906666667,recalibrated_compressed,0.01,calibration,test,20,15063,3104,11959,,0.336998581886,-1.040163517,3085,0.993878865979,2972,0.957474226804,3103,0.999677835052,3087,0.994523195876,4717,4046,3062,3104,0.986469072165,0.981761651347,0.989973889225,2805,3104,0.903672680412,0.892788854599,0.913558584035,2802,-0.0827963917526,-0.0927835051546,-0.073131443299,1647,11959,0.137720545196,0.137720545196,0.131660536632,0.14401322116,1216,11959,0.101680742537,0.101680742537,0.0963913014833,0.107225996899,493,-0.0360398026591,-0.0430638013212,-0.0287649469019,probe,wilson_score,paired_nonparametric_bootstrap_percentile,2000,42,5225,0.346876452234,0.202368415103,,,2129,0.141339706566,1400,0.0929429728474,729,0.0483967337184,13374,0.887870942043,13548,0.899422425812,0,16,524288,faiss_centroids,524288,faiss_centroids,step4_search_space_multi_fpir_v4,validation_required,True
rfw_custom,magface-6931178ad2025e1b3799,20260810-R001-5304b105,population-31f9968aa2a50a401340ac36,origin-embedding-c161f8d6dbea5317a0985e6f,rfw-custom-identity-balanced-open-set-v1-60b0908dc11e16d8,pq,pq_512_m16_b8,pq_adc_exhaustive,cosine_similarity,negative_squared_l2_adc,False,False,1,time.perf_counter,0.304199998936,0.0325999990309,12.6419999997,1244.5505,197.4675,0.0131094403505,76280.9069846,1200,2048,2457600,543488,452.906666667,recalibrated_compressed,0.1,calibration,test,20,15063,3104,11959,,0.268196851015,-1.09342491627,3085,0.993878865979,2972,0.957474226804,3103,0.999677835052,3087,0.994523195876,11162,10198,3084,3104,0.993556701031,0.990068249416,0.995825027509,2948,3104,0.949742268041,0.941485179996,0.956887544931,2946,-0.0438144329897,-0.0512242268041,-0.0364046391753,8061,11959,0.674053014466,0.674053014466,0.665597476097,0.682396770448,7151,11959,0.597959695627,0.597959695627,0.58914197106,0.606714507358,5730,-0.0760933188394,-0.0862112216741,-0.0661426540681,probe,wilson_score,paired_nonparametric_bootstrap_percentile,2000,42,5225,0.346876452234,0.202368415103,,,3810,0.25293766182,2387,0.158467768705,1423,0.0944698931156,6982,0.463519883157,7756,0.514904069574,0,16,524288,faiss_centroids,524288,faiss_centroids,step4_search_space_multi_fpir_v4,validation_required,True
rfw_custom,magface-6931178ad2025e1b3799,20260810-R001-5304b105,population-31f9968aa2a50a401340ac36,origin-embedding-c161f8d6dbea5317a0985e6f,rfw-custom-identity-balanced-open-set-v1-60b0908dc11e16d8,pq,pq_512_m16_b8,pq_reconstruction_cosine,cosine_similarity,cosine_similarity,True,True,1,time.perf_counter,,,,1244.5505,1251.3578,0.0830749385912,12037.3245766,1200,2048,2457600,543488,452.906666667,frozen_origin,0.01,calibration,test,20,15063,3104,11959,0.336998581886,0.336998581886,0.336998581886,3085,0.993878865979,2254,0.726159793814,3103,0.999677835052,2894,0.932345360825,4717,1620,3062,3104,0.986469072165,0.981761651347,0.989973889225,1415,3104,0.455863402062,0.438407717088,0.473428197442,1415,-0.530605670103,-0.54800257732,-0.512242268041,1647,11959,0.137720545196,0.137720545196,0.131660536632,0.14401322116,180,11959,0.0150514257045,0.0150514257045,0.0130197420744,0.0173945587481,52,-0.122669119492,-0.129275022995,-0.116397692115,probe,wilson_score,paired_nonparametric_bootstrap_percentile,2000,42,2904,0.192790280821,0.0954182307757,-0.079708590238,0.0914637663545,3355,0.222731195645,3226,0.214167164575,129,0.00856403106951,13374,0.887870942043,13194,0.875921131249,0,16,524288,faiss_centroids,524288,faiss_centroids,step4_search_space_multi_fpir_v4,validation_required,True
rfw_custom,magface-6931178ad2025e1b3799,20260810-R001-5304b105,population-31f9968aa2a50a401340ac36,origin-embedding-c161f8d6dbea5317a0985e6f,rfw-custom-identity-balanced-open-set-v1-60b0908dc11e16d8,pq,pq_512_m16_b8,pq_reconstruction_cosine,cosine_similarity,cosine_similarity,True,True,1,time.perf_counter,,,,1244.5505,1251.3578,0.0830749385912,12037.3245766,1200,2048,2457600,543488,452.906666667,frozen_origin,0.1,calibration,test,20,15063,3104,11959,0.268196851015,0.268196851015,0.268196851015,3085,0.993878865979,2254,0.726159793814,3103,0.999677835052,2894,0.932345360825,11162,7560,3084,3104,0.993556701031,0.990068249416,0.995825027509,2123,3104,0.683956185567,0.667381414254,0.700076197445,2121,-0.309600515464,-0.325386597938,-0.292847938144,8061,11959,0.674053014466,0.674053014466,0.665597476097,0.682396770448,4987,11959,0.417008111046,0.417008111046,0.408199153863,0.425870368262,3732,-0.25704490342,-0.26891880592,-0.245756334142,probe,wilson_score,paired_nonparametric_bootstrap_percentile,2000,42,2904,0.192790280821,0.0954182307757,-0.079708590238,0.0914637663545,6116,0.406028015668,4859,0.322578503618,1257,0.0834495120494,6982,0.463519883157,9095,0.603797384319,0,16,524288,faiss_centroids,524288,faiss_centroids,step4_search_space_multi_fpir_v4,validation_required,True
rfw_custom,magface-6931178ad2025e1b3799,20260810-R001-5304b105,population-31f9968aa2a50a401340ac36,origin-embedding-c161f8d6dbea5317a0985e6f,rfw-custom-identity-balanced-open-set-v1-60b0908dc11e16d8,pq,pq_512_m16_b8,pq_reconstruction_cosine,cosine_similarity,cosine_similarity,True,True,1,time.perf_counter,,,,1244.5505,1251.3578,0.0830749385912,12037.3245766,1200,2048,2457600,543488,452.906666667,recalibrated_compressed,0.01,calibration,test,20,15063,3104,11959,,0.336998581886,0.300115197897,3085,0.993878865979,2254,0.726159793814,3103,0.999677835052,2894,0.932345360825,4717,3315,3062,3104,0.986469072165,0.981761651347,0.989973889225,1829,3104,0.589239690722,0.571832507493,0.606426263857,1828,-0.397229381443,-0.413667847938,-0.380476804124,1647,11959,0.137720545196,0.137720545196,0.131660536632,0.14401322116,1342,11959,0.11221674053,0.11221674053,0.106683843607,0.117998684208,290,-0.0255038046659,-0.0332824650891,-0.0178108537503,probe,wilson_score,paired_nonparametric_bootstrap_percentile,2000,42,2904,0.192790280821,0.0954182307757,-0.079708590238,0.0914637663545,3516,0.233419637522,2459,0.163247693023,1057,0.0701719444998,13374,0.887870942043,12446,0.826263028613,0,16,524288,faiss_centroids,524288,faiss_centroids,step4_search_space_multi_fpir_v4,validation_required,True
rfw_custom,magface-6931178ad2025e1b3799,20260810-R001-5304b105,population-31f9968aa2a50a401340ac36,origin-embedding-c161f8d6dbea5317a0985e6f,rfw-custom-identity-balanced-open-set-v1-60b0908dc11e16d8,pq,pq_512_m16_b8,pq_reconstruction_cosine,cosine_similarity,cosine_similarity,True,True,1,time.perf_counter,,,,1244.5505,1251.3578,0.0830749385912,12037.3245766,1200,2048,2457600,543488,452.906666667,recalibrated_compressed,0.1,calibration,test,20,15063,3104,11959,,0.268196851015,0.249794632196,3085,0.993878865979,2254,0.726159793814,3103,0.999677835052,2894,0.932345360825,11162,11093,3084,3104,0.993556701031,0.990068249416,0.995825027509,2203,3104,0.709729381443,0.693510475125,0.725429814222,2201,-0.283827319588,-0.299299291237,-0.267396907216,8061,11959,0.674053014466,0.674053014466,0.665597476097,0.682396770448,8224,11959,0.687682916632,0.687682916632,0.679317749923,0.695927547396,5887,0.0136299021657,0.00259009950665,0.024667614349,probe,wilson_score,paired_nonparametric_bootstrap_percentile,2000,42,2904,0.192790280821,0.0954182307757,-0.079708590238,0.0914637663545,4749,0.315275841466,2409,0.159928301135,2340,0.155347540331,6982,0.463519883157,5938,0.394210980548,0,16,524288,faiss_centroids,524288,faiss_centroids,step4_search_space_multi_fpir_v4,validation_required,True
rfw_custom,magface-6931178ad2025e1b3799,20260810-R001-5304b105,population-31f9968aa2a50a401340ac36,origin-embedding-c161f8d6dbea5317a0985e6f,rfw-custom-identity-balanced-open-set-v1-60b0908dc11e16d8,pq,pq_512_m32_b8,pq_adc_exhaustive,cosine_similarity,negative_squared_l2_adc,False,False,1,time.perf_counter,0.205000000278,0.0543000005564,23.3088999994,1304.9122,398.1379,0.0264315143066,37833.6249827,1200,2048,2457600,562688,468.906666667,recalibrated_compressed,0.01,calibration,test,20,15063,3104,11959,,0.336998581886,-1.11805808544,3085,0.993878865979,3059,0.98550257732,3103,0.999677835052,3099,0.998389175258,4717,4342,3062,3104,0.986469072165,0.981761651347,0.989973889225,3007,3104,0.96875,0.962026065862,0.974315133828,3004,-0.0177190721649,-0.0228737113402,-0.0128865979381,1647,11959,0.137720545196,0.137720545196,0.131660536632,0.14401322116,1323,11959,0.110627978928,0.110627978928,0.105130731335,0.11637529363,734,-0.0270925662681,-0.03361485074,-0.0205702817961,probe,wilson_score,paired_nonparametric_bootstrap_percentile,2000,42,6968,0.462590453429,0.313147068776,,,1561,0.103631414725,968,0.0642634269402,593,0.0393679877846,13374,0.887870942043,13643,0.905729270398,0,32,524288,faiss_centroids,524288,faiss_centroids,step4_search_space_multi_fpir_v4,validation_required,True
rfw_custom,magface-6931178ad2025e1b3799,20260810-R001-5304b105,population-31f9968aa2a50a401340ac36,origin-embedding-c161f8d6dbea5317a0985e6f,rfw-custom-identity-balanced-open-set-v1-60b0908dc11e16d8,pq,pq_512_m32_b8,pq_adc_exhaustive,cosine_similarity,negative_squared_l2_adc,False,False,1,time.perf_counter,0.205000000278,0.0543000005564,23.3088999994,1304.9122,398.1379,0.0264315143066,37833.6249827,1200,2048,2457600,562688,468.906666667,recalibrated_compressed,0.1,calibration,test,20,15063,3104,11959,,0.268196851015,-1.19161272049,3085,0.993878865979,3059,0.98550257732,3103,0.999677835052,3099,0.998389175258,11162,11043,3084,3104,0.993556701031,0.990068249416,0.995825027509,3055,3104,0.984213917526,0.979192435868,0.98803837041,3051,-0.00934278350515,-0.0132087628866,-0.00547680412371,8061,11959,0.674053014466,0.674053014466,0.665597476097,0.682396770448,7951,11959,0.66485492098,0.66485492098,0.656342978292,0.673260988589,6463,-0.00919809348608,-0.0179780918137,-8.15285558993e-05,probe,wilson_score,paired_nonparametric_bootstrap_percentile,2000,42,6968,0.462590453429,0.313147068776,,,3099,0.205735909181,1609,0.106818030937,1490,0.0989178782447,6982,0.463519883157,7063,0.468897298015,0,32,524288,faiss_centroids,524288,faiss_centroids,step4_search_space_multi_fpir_v4,validation_required,True
rfw_custom,magface-6931178ad2025e1b3799,20260810-R001-5304b105,population-31f9968aa2a50a401340ac36,origin-embedding-c161f8d6dbea5317a0985e6f,rfw-custom-identity-balanced-open-set-v1-60b0908dc11e16d8,pq,pq_512_m32_b8,pq_reconstruction_cosine,cosine_similarity,cosine_similarity,True,True,1,time.perf_counter,,,,1304.9122,1305.5921,0.0866754365,11537.2940752,1200,2048,2457600,562688,468.906666667,frozen_origin,0.01,calibration,test,20,15063,3104,11959,0.336998581886,0.336998581886,0.336998581886,3085,0.993878865979,2938,0.946520618557,3103,0.999677835052,3082,0.992912371134,4717,2027,3062,3104,0.986469072165,0.981761651347,0.989973889225,2012,3104,0.648195876289,0.631222798365,0.664802598101,2012,-0.338273195876,-0.355347938144,-0.32087628866,1647,11959,0.137720545196,0.137720545196,0.131660536632,0.14401322116,14,11959,0.00117066644368,0.00117066644368,0.000697494048952,0.00196420291747,13,-0.136549878752,-0.142737687098,-0.130527217995,probe,wilson_score,paired_nonparametric_bootstrap_percentile,2000,42,4641,0.308105954989,0.175876660255,-0.100504379748,0.101805619246,2692,0.178716059218,2691,0.17864967138,1,6.63878377481e-05,13374,0.887870942043,13957,0.926575051451,0,32,524288,faiss_centroids,524288,faiss_centroids,step4_search_space_multi_fpir_v4,validation_required,True
rfw_custom,magface-6931178ad2025e1b3799,20260810-R001-5304b105,population-31f9968aa2a50a401340ac36,origin-embedding-c161f8d6dbea5317a0985e6f,rfw-custom-identity-balanced-open-set-v1-60b0908dc11e16d8,pq,pq_512_m32_b8,pq_reconstruction_cosine,cosine_similarity,cosine_similarity,True,True,1,time.perf_counter,,,,1304.9122,1305.5921,0.0866754365,11537.2940752,1200,2048,2457600,562688,468.906666667,frozen_origin,0.1,calibration,test,20,15063,3104,11959,0.268196851015,0.268196851015,0.268196851015,3085,0.993878865979,2938,0.946520618557,3103,0.999677835052,3082,0.992912371134,11162,3829,3084,3104,0.993556701031,0.990068249416,0.995825027509,2743,3104,0.883698453608,0.871943181639,0.894505181819,2739,-0.109858247423,-0.12081185567,-0.0989046391753,8061,11959,0.674053014466,0.674053014466,0.665597476097,0.682396770448,1054,11959,0.088134459403,0.088134459403,0.0831849305666,0.0933485014019,934,-0.585918555063,-0.594784262898,-0.576216656911,probe,wilson_score,paired_nonparametric_bootstrap_percentile,2000,42,4641,0.308105954989,0.175876660255,-0.100504379748,0.101805619246,7573,0.502755095267,7453,0.494788554737,120,0.00796654052977,6982,0.463519883157,13648,0.906061209586,0,32,524288,faiss_centroids,524288,faiss_centroids,step4_search_space_multi_fpir_v4,validation_required,True
rfw_custom,magface-6931178ad2025e1b3799,20260810-R001-5304b105,population-31f9968aa2a50a401340ac36,origin-embedding-c161f8d6dbea5317a0985e6f,rfw-custom-identity-balanced-open-set-v1-60b0908dc11e16d8,pq,pq_512_m32_b8,pq_reconstruction_cosine,cosine_similarity,cosine_similarity,True,True,1,time.perf_counter,,,,1304.9122,1305.5921,0.0866754365,11537.2940752,1200,2048,2457600,562688,468.906666667,recalibrated_compressed,0.01,calibration,test,20,15063,3104,11959,,0.336998581886,0.263307929039,3085,0.993878865979,2938,0.946520618557,3103,0.999677835052,3082,0.992912371134,4717,4234,3062,3104,0.986469072165,0.981761651347,0.989973889225,2766,3104,0.891108247423,0.879662455797,0.901587177485,2762,-0.0953608247423,-0.105992268041,-0.0853737113402,1647,11959,0.137720545196,0.137720545196,0.131660536632,0.14401322116,1425,11959,0.119157120161,0.119157120161,0.113472620092,0.125086209651,492,-0.0185634250355,-0.0258403712685,-0.011121331215,probe,wilson_score,paired_nonparametric_bootstrap_percentile,2000,42,4641,0.308105954989,0.175876660255,-0.100504379748,0.101805619246,2357,0.156476133572,1420,0.0942707296023,937,0.06220540397,13374,0.887870942043,13300,0.88295824205,0,32,524288,faiss_centroids,524288,faiss_centroids,step4_search_space_multi_fpir_v4,validation_required,True
rfw_custom,magface-6931178ad2025e1b3799,20260810-R001-5304b105,population-31f9968aa2a50a401340ac36,origin-embedding-c161f8d6dbea5317a0985e6f,rfw-custom-identity-balanced-open-set-v1-60b0908dc11e16d8,pq,pq_512_m32_b8,pq_reconstruction_cosine,cosine_similarity,cosine_similarity,True,True,1,time.perf_counter,,,,1304.9122,1305.5921,0.0866754365,11537.2940752,1200,2048,2457600,562688,468.906666667,recalibrated_compressed,0.1,calibration,test,20,15063,3104,11959,,0.268196851015,0.219894200563,3085,0.993878865979,2938,0.946520618557,3103,0.999677835052,3082,0.992912371134,11162,11045,3084,3104,0.993556701031,0.990068249416,0.995825027509,2922,3104,0.941365979381,0.932542569269,0.949098285422,2917,-0.0521907216495,-0.0605670103093,-0.0444587628866,8061,11959,0.674053014466,0.674053014466,0.665597476097,0.682396770448,7998,11959,0.66878501547,0.66878501547,0.660296727677,0.677164904152,6038,-0.00526799899657,-0.0158039969897,0.00476628480642,probe,wilson_score,paired_nonparametric_bootstrap_percentile,2000,42,4641,0.308105954989,0.175876660255,-0.100504379748,0.101805619246,4043,0.268406028016,2080,0.138086702516,1963,0.1303193255,6982,0.463519883157,6883,0.45694748722,0,32,524288,faiss_centroids,524288,faiss_centroids,step4_search_space_multi_fpir_v4,validation_required,True
rfw_custom,magface-6931178ad2025e1b3799,20260810-R001-5304b105,population-31f9968aa2a50a401340ac36,origin-embedding-c161f8d6dbea5317a0985e6f,rfw-custom-identity-balanced-open-set-v1-60b0908dc11e16d8,pq,pq_512_m64_b8,pq_adc_exhaustive,cosine_similarity,negative_squared_l2_adc,False,False,1,time.perf_counter,0.926700000491,0.0988000010693,22.3081999993,1290.2832,495.119699999,0.0328699263094,30422.9462088,1200,2048,2457600,601088,500.906666667,recalibrated_compressed,0.01,calibration,test,20,15063,3104,11959,,0.336998581886,-1.20710933208,3085,0.993878865979,3080,0.992268041237,3103,0.999677835052,3101,0.999033505155,4717,4558,3062,3104,0.986469072165,0.981761651347,0.989973889225,3050,3104,0.982603092784,0.977371350332,0.986641788593,3045,-0.00386597938144,-0.00708762886598,-0.000966494845361,1647,11959,0.137720545196,0.137720545196,0.131660536632,0.14401322116,1501,11959,0.125512166569,0.125512166569,0.119694426048,0.131570415099,1065,-0.012208378627,-0.0174763776235,-0.0069403796304,probe,wilson_score,paired_nonparametric_bootstrap_percentile,2000,42,9064,0.601739361349,0.459499560385,,,1039,0.0689769634203,599,0.0397663148111,440,0.0292106486092,13374,0.887870942043,13508,0.896766912302,0,64,524288,faiss_centroids,524288,faiss_centroids,step4_search_space_multi_fpir_v4,validation_required,True
rfw_custom,magface-6931178ad2025e1b3799,20260810-R001-5304b105,population-31f9968aa2a50a401340ac36,origin-embedding-c161f8d6dbea5317a0985e6f,rfw-custom-identity-balanced-open-set-v1-60b0908dc11e16d8,pq,pq_512_m64_b8,pq_adc_exhaustive,cosine_similarity,negative_squared_l2_adc,False,False,1,time.perf_counter,0.926700000491,0.0988000010693,22.3081999993,1290.2832,495.119699999,0.0328699263094,30422.9462088,1200,2048,2457600,601088,500.906666667,recalibrated_compressed,0.1,calibration,test,20,15063,3104,11959,,0.268196851015,-1.30789470673,3085,0.993878865979,3080,0.992268041237,3103,0.999677835052,3101,0.999033505155,11162,11285,3084,3104,0.993556701031,0.990068249416,0.995825027509,3080,3104,0.992268041237,0.988520549998,0.994798593045,3076,-0.00128865979381,-0.00354381443299,0.000644329896907,8061,11959,0.674053014466,0.674053014466,0.665597476097,0.682396770448,8186,11959,0.684505393428,0.684505393428,0.676118421952,0.692773869665,6954,0.0104523789615,0.00250857095075,0.0188979011623,probe,wilson_score,paired_nonparametric_bootstrap_percentile,2000,42,9064,0.601739361349,0.459499560385,,,2343,0.155546703844,1110,0.0736904999004,1233,0.0818562039434,6982,0.463519883157,6853,0.454955852088,0,64,524288,faiss_centroids,524288,faiss_centroids,step4_search_space_multi_fpir_v4,validation_required,True
rfw_custom,magface-6931178ad2025e1b3799,20260810-R001-5304b105,population-31f9968aa2a50a401340ac36,origin-embedding-c161f8d6dbea5317a0985e6f,rfw-custom-identity-balanced-open-set-v1-60b0908dc11e16d8,pq,pq_512_m64_b8,pq_reconstruction_cosine,cosine_similarity,cosine_similarity,True,True,1,time.perf_counter,,,,1290.2832,1236.346,0.0820783376485,12183.4826173,1200,2048,2457600,601088,500.906666667,frozen_origin,0.01,calibration,test,20,15063,3104,11959,0.336998581886,0.336998581886,0.336998581886,3085,0.993878865979,3063,0.986791237113,3103,0.999677835052,3100,0.998711340206,4717,2884,3062,3104,0.986469072165,0.981761651347,0.989973889225,2802,3104,0.902706185567,0.891777333045,0.912639505177,2802,-0.0837628865979,-0.0934278350515,-0.0744201030928,1647,11959,0.137720545196,0.137720545196,0.131660536632,0.14401322116,82,11959,0.00685676059871,0.00685676059871,0.00552790649328,0.0085023269925,76,-0.130863784597,-0.137302450038,-0.125091980935,probe,wilson_score,paired_nonparametric_bootstrap_percentile,2000,42,7448,0.494456615548,0.350703760188,-0.0753879942881,0.0760865443883,1845,0.122485560645,1839,0.122087233619,6,0.000398327026489,13374,0.887870942043,14679,0.974507070305,0,64,524288,faiss_centroids,524288,faiss_centroids,step4_search_space_multi_fpir_v4,validation_required,True
rfw_custom,magface-6931178ad2025e1b3799,20260810-R001-5304b105,population-31f9968aa2a50a401340ac36,origin-embedding-c161f8d6dbea5317a0985e6f,rfw-custom-identity-balanced-open-set-v1-60b0908dc11e16d8,pq,pq_512_m64_b8,pq_reconstruction_cosine,cosine_similarity,cosine_similarity,True,True,1,time.perf_counter,,,,1290.2832,1236.346,0.0820783376485,12183.4826173,1200,2048,2457600,601088,500.906666667,frozen_origin,0.1,calibration,test,20,15063,3104,11959,0.268196851015,0.268196851015,0.268196851015,3085,0.993878865979,3063,0.986791237113,3103,0.999677835052,3100,0.998711340206,11162,5085,3084,3104,0.993556701031,0.990068249416,0.995825027509,3028,3104,0.975515463918,0.969462478462,0.980392924111,3027,-0.0180412371134,-0.0228737113402,-0.0132087628866,8061,11959,0.674053014466,0.674053014466,0.665597476097,0.682396770448,2043,11959,0.170833681746,0.170833681746,0.164194228987,0.177684535594,1977,-0.50321933272,-0.512417426206,-0.493433815536,probe,wilson_score,paired_nonparametric_bootstrap_percentile,2000,42,7448,0.494456615548,0.350703760188,-0.0753879942881,0.0760865443883,6209,0.412202084578,6143,0.407820487287,66,0.00438159729138,6982,0.463519883157,12944,0.859324171812,0,64,524288,faiss_centroids,524288,faiss_centroids,step4_search_space_multi_fpir_v4,validation_required,True
rfw_custom,magface-6931178ad2025e1b3799,20260810-R001-5304b105,population-31f9968aa2a50a401340ac36,origin-embedding-c161f8d6dbea5317a0985e6f,rfw-custom-identity-balanced-open-set-v1-60b0908dc11e16d8,pq,pq_512_m64_b8,pq_reconstruction_cosine,cosine_similarity,cosine_similarity,True,True,1,time.perf_counter,,,,1290.2832,1236.346,0.0820783376485,12183.4826173,1200,2048,2457600,601088,500.906666667,recalibrated_compressed,0.01,calibration,test,20,15063,3104,11959,,0.336998581886,0.274773657322,3085,0.993878865979,3063,0.986791237113,3103,0.999677835052,3100,0.998711340206,4717,4574,3062,3104,0.986469072165,0.981761651347,0.989973889225,3022,3104,0.973582474227,0.967328457533,0.978665744216,3017,-0.0128865979381,-0.0173969072165,-0.00837628865979,1647,11959,0.137720545196,0.137720545196,0.131660536632,0.14401322116,1541,11959,0.128856927837,0.128856927837,0.122971078957,0.134981136614,879,-0.00886361735931,-0.0151350447362,-0.00250648047496,probe,wilson_score,paired_nonparametric_bootstrap_percentile,2000,42,7448,0.494456615548,0.350703760188,-0.0753879942881,0.0760865443883,1477,0.098054836354,810,0.053774148576,667,0.044280687778,13374,0.887870942043,13440,0.892252539335,0,64,524288,faiss_centroids,524288,faiss_centroids,step4_search_space_multi_fpir_v4,validation_required,True
rfw_custom,magface-6931178ad2025e1b3799,20260810-R001-5304b105,population-31f9968aa2a50a401340ac36,origin-embedding-c161f8d6dbea5317a0985e6f,rfw-custom-identity-balanced-open-set-v1-60b0908dc11e16d8,pq,pq_512_m64_b8,pq_reconstruction_cosine,cosine_similarity,cosine_similarity,True,True,1,time.perf_counter,,,,1290.2832,1236.346,0.0820783376485,12183.4826173,1200,2048,2457600,601088,500.906666667,recalibrated_compressed,0.1,calibration,test,20,15063,3104,11959,,0.268196851015,0.223731786013,3085,0.993878865979,3063,0.986791237113,3103,0.999677835052,3100,0.998711340206,11162,11304,3084,3104,0.993556701031,0.990068249416,0.995825027509,3060,3104,0.985824742268,0.981024996886,0.989423476745,3058,-0.00773195876289,-0.0112757731959,-0.0048324742268,8061,11959,0.674053014466,0.674053014466,0.665597476097,0.682396770448,8209,11959,0.686428631156,0.686428631156,0.678054803246,0.694682728664,6630,0.0123756166904,0.00376285642612,0.0216573292081,probe,wilson_score,paired_nonparametric_bootstrap_percentile,2000,42,7448,0.494456615548,0.350703760188,-0.0753879942881,0.0760865443883,3016,0.200225718648,1437,0.0953993228441,1579,0.104826395804,6982,0.463519883157,6810,0.452101175065,0,64,524288,faiss_centroids,524288,faiss_centroids,step4_search_space_multi_fpir_v4,validation_required,True
rfw_custom,magface-6931178ad2025e1b3799,20260810-R001-5304b105,population-31f9968aa2a50a401340ac36,origin-embedding-c161f8d6dbea5317a0985e6f,rfw-custom-identity-balanced-open-set-v1-60b0908dc11e16d8,pq,pq_512_m8_b8,pq_adc_exhaustive,cosine_similarity,negative_squared_l2_adc,False,False,1,time.perf_counter,0.219600000491,0.0213999992411,18.6549999999,1246.1594,107.2738,0.00712167562904,140416.392446,1200,2048,2457600,533888,444.906666667,recalibrated_compressed,0.01,calibration,test,20,15063,3104,11959,,0.336998581886,-0.987909078598,3085,0.993878865979,2662,0.857603092784,3103,0.999677835052,3031,0.976481958763,4717,3942,3062,3104,0.986469072165,0.981761651347,0.989973889225,2184,3104,0.703608247423,0.687299350299,0.719413803106,2184,-0.282860824742,-0.299291237113,-0.266108247423,1647,11959,0.137720545196,0.137720545196,0.131660536632,0.14401322116,1663,11959,0.139058449703,0.139058449703,0.132972917176,0.145375790385,530,0.00133790450707,-0.00618989882097,0.00936533154946,probe,wilson_score,paired_nonparametric_bootstrap_percentile,2000,42,3713,0.246498041559,0.128735229184,,,3047,0.202283741619,1911,0.126867157937,1136,0.0754165836819,13374,0.887870942043,12480,0.828520215097,0,8,524288,faiss_centroids,524288,faiss_centroids,step4_search_space_multi_fpir_v4,validation_required,True
rfw_custom,magface-6931178ad2025e1b3799,20260810-R001-5304b105,population-31f9968aa2a50a401340ac36,origin-embedding-c161f8d6dbea5317a0985e6f,rfw-custom-identity-balanced-open-set-v1-60b0908dc11e16d8,pq,pq_512_m8_b8,pq_adc_exhaustive,cosine_similarity,negative_squared_l2_adc,False,False,1,time.perf_counter,0.219600000491,0.0213999992411,18.6549999999,1246.1594,107.2738,0.00712167562904,140416.392446,1200,2048,2457600,533888,444.906666667,recalibrated_compressed,0.1,calibration,test,20,15063,3104,11959,,0.268196851015,-1.02864265442,3085,0.993878865979,2662,0.857603092784,3103,0.999677835052,3031,0.976481958763,11162,9957,3084,3104,0.993556701031,0.990068249416,0.995825027509,2591,3104,0.834729381443,0.821250703943,0.847380571987,2591,-0.158827319588,-0.171399806701,-0.146262886598,8061,11959,0.674053014466,0.674053014466,0.665597476097,0.682396770448,7080,11959,0.592022744377,0.592022744377,0.583186345731,0.600800043086,5564,-0.0820302700895,-0.0923990300192,-0.0709925579062,probe,wilson_score,paired_nonparametric_bootstrap_percentile,2000,42,3713,0.246498041559,0.128735229184,,,4241,0.28155081989,2723,0.180774082188,1518,0.100776737702,6982,0.463519883157,7470,0.495917147978,0,8,524288,faiss_centroids,524288,faiss_centroids,step4_search_space_multi_fpir_v4,validation_required,True
rfw_custom,magface-6931178ad2025e1b3799,20260810-R001-5304b105,population-31f9968aa2a50a401340ac36,origin-embedding-c161f8d6dbea5317a0985e6f,rfw-custom-identity-balanced-open-set-v1-60b0908dc11e16d8,pq,pq_512_m8_b8,pq_reconstruction_cosine,cosine_similarity,cosine_similarity,True,True,1,time.perf_counter,,,,1246.1594,1216.2175,0.0807420500564,12385.1202602,1200,2048,2457600,533888,444.906666667,frozen_origin,0.01,calibration,test,20,15063,3104,11959,0.336998581886,0.336998581886,0.336998581886,3085,0.993878865979,1271,0.409471649485,3103,0.999677835052,2291,0.738079896907,4717,7744,3062,3104,0.986469072165,0.981761651347,0.989973889225,1130,3104,0.364046391753,0.34729713292,0.381131742497,1129,-0.622422680412,-0.639819587629,-0.605670103093,1647,11959,0.137720545196,0.137720545196,0.131660536632,0.14401322116,5682,11959,0.475123338072,0.475123338072,0.46618256548,0.484080087247,933,0.337402792876,0.326699556819,0.348106028932,probe,wilson_score,paired_nonparametric_bootstrap_percentile,2000,42,1623,0.107747460665,0.0594743335825,-0.013605848669,0.0999431646918,6491,0.430923454823,1732,0.11498373498,4759,0.315939719843,13374,0.887870942043,7407,0.4917347142,0,8,524288,faiss_centroids,524288,faiss_centroids,step4_search_space_multi_fpir_v4,validation_required,True
rfw_custom,magface-6931178ad2025e1b3799,20260810-R001-5304b105,population-31f9968aa2a50a401340ac36,origin-embedding-c161f8d6dbea5317a0985e6f,rfw-custom-identity-balanced-open-set-v1-60b0908dc11e16d8,pq,pq_512_m8_b8,pq_reconstruction_cosine,cosine_similarity,cosine_similarity,True,True,1,time.perf_counter,,,,1246.1594,1216.2175,0.0807420500564,12385.1202602,1200,2048,2457600,533888,444.906666667,frozen_origin,0.1,calibration,test,20,15063,3104,11959,0.268196851015,0.268196851015,0.268196851015,3085,0.993878865979,1271,0.409471649485,3103,0.999677835052,2291,0.738079896907,11162,14848,3084,3104,0.993556701031,0.990068249416,0.995825027509,1270,3104,0.409149484536,0.391975257962,0.426548303335,1269,-0.584407216495,-0.602134342784,-0.56796875,8061,11959,0.674053014466,0.674053014466,0.665597476097,0.682396770448,11765,11959,0.983777907852,0.983777907852,0.981353461977,0.985891656153,7960,0.309724893386,0.301446609248,0.318504891713,probe,wilson_score,paired_nonparametric_bootstrap_percentile,2000,42,1623,0.107747460665,0.0594743335825,-0.013605848669,0.0999431646918,3930,0.26090420235,122,0.00809931620527,3808,0.252804886145,6982,0.463519883157,1464,0.0971917944633,0,8,524288,faiss_centroids,524288,faiss_centroids,step4_search_space_multi_fpir_v4,validation_required,True
rfw_custom,magface-6931178ad2025e1b3799,20260810-R001-5304b105,population-31f9968aa2a50a401340ac36,origin-embedding-c161f8d6dbea5317a0985e6f,rfw-custom-identity-balanced-open-set-v1-60b0908dc11e16d8,pq,pq_512_m8_b8,pq_reconstruction_cosine,cosine_similarity,cosine_similarity,True,True,1,time.perf_counter,,,,1246.1594,1216.2175,0.0807420500564,12385.1202602,1200,2048,2457600,533888,444.906666667,recalibrated_compressed,0.01,calibration,test,20,15063,3104,11959,,0.336998581886,0.377620577812,3085,0.993878865979,1271,0.409471649485,3103,0.999677835052,2291,0.738079896907,4717,3106,3062,3104,0.986469072165,0.981761651347,0.989973889225,913,3104,0.294136597938,0.278369366739,0.310412745562,913,-0.692332474227,-0.709085051546,-0.675902061856,1647,11959,0.137720545196,0.137720545196,0.131660536632,0.14401322116,1855,11959,0.155113303788,0.155113303788,0.148735946104,0.161712158688,350,0.0173927585919,0.00877581737603,0.0259218998244,probe,wilson_score,paired_nonparametric_bootstrap_percentile,2000,42,1623,0.107747460665,0.0594743335825,-0.013605848669,0.0999431646918,4627,0.307176525261,3119,0.207063665936,1508,0.100112859324,13374,0.887870942043,11017,0.731394808471,0,8,524288,faiss_centroids,524288,faiss_centroids,step4_search_space_multi_fpir_v4,validation_required,True
rfw_custom,magface-6931178ad2025e1b3799,20260810-R001-5304b105,population-31f9968aa2a50a401340ac36,origin-embedding-c161f8d6dbea5317a0985e6f,rfw-custom-identity-balanced-open-set-v1-60b0908dc11e16d8,pq,pq_512_m8_b8,pq_reconstruction_cosine,cosine_similarity,cosine_similarity,True,True,1,time.perf_counter,,,,1246.1594,1216.2175,0.0807420500564,12385.1202602,1200,2048,2457600,533888,444.906666667,recalibrated_compressed,0.1,calibration,test,20,15063,3104,11959,,0.268196851015,0.310807645321,3085,0.993878865979,1271,0.409471649485,3103,0.999677835052,2291,0.738079896907,11162,11689,3084,3104,0.993556701031,0.990068249416,0.995825027509,1238,3104,0.398840206186,0.381749550598,0.416180939641,1237,-0.594716494845,-0.612757731959,-0.578278028351,8061,11959,0.674053014466,0.674053014466,0.665597476097,0.682396770448,9024,11959,0.754578141985,0.754578141985,0.746784445662,0.762208340121,6334,0.080525127519,0.0696546533991,0.0911468350197,probe,wilson_score,paired_nonparametric_bootstrap_percentile,2000,42,1623,0.107747460665,0.0594743335825,-0.013605848669,0.0999431646918,4859,0.322578503618,2166,0.143796056562,2693,0.178782447056,6982,0.463519883157,4173,0.277036446923,0,8,524288,faiss_centroids,524288,faiss_centroids,step4_search_space_multi_fpir_v4,validation_required,True
