dataset,model_uid,run_id,extraction_uid,origin_embedding_artifact_uid,compression_family,compression_profile,sample_count,origin_dimension,search_dimension,reconstruction_available,metric_vector_source,mean_reconstruction_mse,p95_reconstruction_mse,mean_angular_error_rad,p95_angular_error_rad,mean_cosine_to_origin,p05_cosine_to_origin,compression_origin_fallback_count,storage_bytes_per_embedding,codebook_bytes,codebook_bytes_source,summary_artifact_type,summary_claim_status,derived_evaluation_paper_eligible,protocol_uid,search_mode,origin_score_space,compressed_score_space,score_spaces_comparable,frozen_origin_threshold_applicable,latency_measurement_repeats,latency_timer,compressed_index_build_latency_ms,compressed_gallery_add_latency_ms,compressed_gallery_encode_latency_ms,origin_search_latency_ms_total,compressed_search_latency_ms_total,compressed_search_latency_ms_per_query,compressed_search_queries_per_second,gallery_template_count,origin_storage_bytes_per_embedding,origin_gallery_storage_bytes,compressed_gallery_storage_bytes,amortized_storage_bytes_per_gallery_template,threshold_policy,threshold_source_split,evaluation_split,top_k,query_count,mated_count,non_mated_count,decision_threshold,origin_decision_threshold,compressed_decision_threshold,origin_rank1_correct_count,origin_rank1_rate,compressed_rank1_correct_count,compressed_rank1_rate,origin_top_k_correct_count,origin_top_k_rate,compressed_top_k_correct_count,compressed_top_k_rate,origin_accepted_count,compressed_accepted_count,origin_dir_rank1_count,origin_dir_rank1,compressed_dir_rank1_count,compressed_dir_rank1,origin_false_accept_count,origin_fpir,compressed_false_accept_count,compressed_fpir,agreement_with_origin_count,agreement_with_origin_rate,mean_top_k_identity_jaccard,mean_top1_score_drift,mean_abs_top1_score_drift,threshold_crossing_count,threshold_crossing_rate,accept_to_reject_count,accept_to_reject_rate,reject_to_accept_count,reject_to_accept_rate,origin_decision_correct_count,origin_decision_correct_rate,compressed_decision_correct_count,compressed_decision_correct_rate,retrieval_origin_fallback_count
lfw,arcface-7972a704552df378345f,20260803-R001-a4479011,population-dacf68fb3d7e919a7fd37ada,origin-embedding-fc0c20fb0702e1c6aeb1eafd,pca,pca_32,13195,512,32,True,reconstruction,0.00139672622869,0.00166298114635,1.01454748351,1.17510093072,0.519750857739,0.38544994368,0,128,0,not_applicable,step4_search_space_refresh,exploratory_dirty_evaluator,False,lfw-identity-disjoint-open-set-v1,pca_direct_cosine,cosine_similarity,cosine_similarity,True,True,1,time.perf_counter,,,,92.2770000179,6.18690002011,0.00285901109987,349771.289816,50,2048,102400,6400,128,frozen_origin,calibration,test,20,2164,476,1688,0.471559643745,0.471559643745,0.471559643745,466,0.978991596639,461,0.968487394958,470,0.987394957983,469,0.985294117647,464,761,463,0.97268907563,461,0.968487394958,1,0.000592417061611,295,0.174763033175,758,0.350277264325,0.473895673678,0.182692075916,0.194773214637,297,0.137245841035,0,0,297,0.137245841035,2150,0.993530499076,1854,0.85674676525,0
lfw,arcface-7972a704552df378345f,20260803-R001-a4479011,population-dacf68fb3d7e919a7fd37ada,origin-embedding-fc0c20fb0702e1c6aeb1eafd,pca,pca_64,13195,512,64,True,reconstruction,0.0010461272257,0.00135174141746,0.819635584028,0.98254910081,0.675165824316,0.554903717655,0,256,0,not_applicable,step4_search_space_refresh,exploratory_dirty_evaluator,False,lfw-identity-disjoint-open-set-v1,pca_direct_cosine,cosine_similarity,cosine_similarity,True,True,1,time.perf_counter,,,,7.83349998528,8.62430001143,0.00398535120676,250918.914826,50,2048,102400,12800,256,frozen_origin,calibration,test,20,2164,476,1688,0.471559643745,0.471559643745,0.471559643745,466,0.978991596639,464,0.974789915966,470,0.987394957983,469,0.985294117647,464,472,463,0.97268907563,463,0.97268907563,1,0.000592417061611,9,0.0053317535545,992,0.458410351201,0.569561982095,0.0959362814998,0.101577160456,8,0.00369685767098,0,0,8,0.00369685767098,2150,0.993530499076,2142,0.989833641405,0
lfw,arcface-7972a704552df378345f,20260803-R001-a4479011,population-dacf68fb3d7e919a7fd37ada,origin-embedding-fc0c20fb0702e1c6aeb1eafd,pca,pca_128,13195,512,128,True,reconstruction,0.000550465712729,0.000810402487688,0.553478773984,0.69989551292,0.845843441672,0.764909490148,0,512,0,not_applicable,step4_search_space_refresh,exploratory_dirty_evaluator,False,lfw-identity-disjoint-open-set-v1,pca_direct_cosine,cosine_similarity,cosine_similarity,True,True,1,time.perf_counter,,,,9.81299998239,8.2323999959,0.00380425138443,262863.806554,50,2048,102400,25600,512,frozen_origin,calibration,test,20,2164,476,1688,0.471559643745,0.471559643745,0.471559643745,466,0.978991596639,465,0.976890756303,470,0.987394957983,469,0.985294117647,464,464,463,0.97268907563,463,0.97268907563,1,0.000592417061611,1,0.000592417061611,1353,0.625231053604,0.705963059535,0.0361646477395,0.0402501595349,0,0,0,0,0,0,2150,0.993530499076,2150,0.993530499076,0
lfw,arcface-7972a704552df378345f,20260803-R001-a4479011,population-dacf68fb3d7e919a7fd37ada,origin-embedding-fc0c20fb0702e1c6aeb1eafd,pca,pca_256,13195,512,256,True,reconstruction,2.01329695206e-05,3.72409045829e-05,0.0989796291046,0.138526529451,0.994829618189,0.99042053371,0,1024,0,not_applicable,step4_search_space_refresh,exploratory_dirty_evaluator,False,lfw-identity-disjoint-open-set-v1,pca_direct_cosine,cosine_similarity,cosine_similarity,True,True,1,time.perf_counter,,,,9.22159999027,7.86610000068,0.00363498151603,275104.562593,50,2048,102400,51200,1024,frozen_origin,calibration,test,20,2164,476,1688,0.471559643745,0.471559643745,0.471559643745,466,0.978991596639,466,0.978991596639,470,0.987394957983,470,0.987394957983,464,464,463,0.97268907563,463,0.97268907563,1,0.000592417061611,1,0.000592417061611,1992,0.920517560074,0.924560063152,-0.000439503314507,0.00539678997272,0,0,0,0,0,0,2150,0.993530499076,2150,0.993530499076,0
lfw,arcface-7972a704552df378345f,20260803-R001-a4479011,population-dacf68fb3d7e919a7fd37ada,origin-embedding-fc0c20fb0702e1c6aeb1eafd,pca,pca_384,13195,512,384,True,reconstruction,9.31195620814e-08,1.53272901815e-07,0.00679340439987,0.00885399586504,0.999976195664,0.999960803634,0,1536,0,not_applicable,step4_search_space_refresh,exploratory_dirty_evaluator,False,lfw-identity-disjoint-open-set-v1,pca_direct_cosine,cosine_similarity,cosine_similarity,True,True,1,time.perf_counter,,,,7.71800000803,8.85549999657,0.00409219038659,244367.907045,50,2048,102400,76800,1536,frozen_origin,calibration,test,20,2164,476,1688,0.471559643745,0.471559643745,0.471559643745,466,0.978991596639,466,0.978991596639,470,0.987394957983,470,0.987394957983,464,464,463,0.97268907563,463,0.97268907563,1,0.000592417061611,1,0.000592417061611,2018,0.932532347505,0.930721666557,-0.00169033686632,0.00520557590008,0,0,0,0,0,0,2150,0.993530499076,2150,0.993530499076,0
lfw,arcface-7972a704552df378345f,20260803-R001-a4479011,population-dacf68fb3d7e919a7fd37ada,origin-embedding-fc0c20fb0702e1c6aeb1eafd,pca,pca_32,13195,512,32,True,reconstruction,0.00139672622869,0.00166298114635,1.01454748351,1.17510093072,0.519750857739,0.38544994368,0,128,0,not_applicable,step4_search_space_refresh,exploratory_dirty_evaluator,False,lfw-identity-disjoint-open-set-v1,pca_direct_cosine,cosine_similarity,cosine_similarity,True,True,1,time.perf_counter,,,,92.2770000179,6.18690002011,0.00285901109987,349771.289816,50,2048,102400,6400,128,recalibrated_compressed,calibration,test,20,2164,476,1688,,0.471559643745,0.558809757233,466,0.978991596639,461,0.968487394958,470,0.987394957983,469,0.985294117647,464,510,463,0.97268907563,459,0.964285714286,1,0.000592417061611,49,0.029028436019,758,0.350277264325,0.473895673678,0.182692075916,0.194773214637,52,0.0240295748614,3,0.00138632162662,49,0.0226432532348,2150,0.993530499076,2098,0.969500924214,0
lfw,arcface-7972a704552df378345f,20260803-R001-a4479011,population-dacf68fb3d7e919a7fd37ada,origin-embedding-fc0c20fb0702e1c6aeb1eafd,pca,pca_64,13195,512,64,True,reconstruction,0.0010461272257,0.00135174141746,0.819635584028,0.98254910081,0.675165824316,0.554903717655,0,256,0,not_applicable,step4_search_space_refresh,exploratory_dirty_evaluator,False,lfw-identity-disjoint-open-set-v1,pca_direct_cosine,cosine_similarity,cosine_similarity,True,True,1,time.perf_counter,,,,7.83349998528,8.62430001143,0.00398535120676,250918.914826,50,2048,102400,12800,256,recalibrated_compressed,calibration,test,20,2164,476,1688,,0.471559643745,0.474435806274,466,0.978991596639,464,0.974789915966,470,0.987394957983,469,0.985294117647,464,471,463,0.97268907563,463,0.97268907563,1,0.000592417061611,8,0.00473933649289,992,0.458410351201,0.569561982095,0.0959362814998,0.101577160456,7,0.00323475046211,0,0,7,0.00323475046211,2150,0.993530499076,2143,0.990295748614,0
lfw,arcface-7972a704552df378345f,20260803-R001-a4479011,population-dacf68fb3d7e919a7fd37ada,origin-embedding-fc0c20fb0702e1c6aeb1eafd,pca,pca_128,13195,512,128,True,reconstruction,0.000550465712729,0.000810402487688,0.553478773984,0.69989551292,0.845843441672,0.764909490148,0,512,0,not_applicable,step4_search_space_refresh,exploratory_dirty_evaluator,False,lfw-identity-disjoint-open-set-v1,pca_direct_cosine,cosine_similarity,cosine_similarity,True,True,1,time.perf_counter,,,,9.81299998239,8.2323999959,0.00380425138443,262863.806554,50,2048,102400,25600,512,recalibrated_compressed,calibration,test,20,2164,476,1688,,0.471559643745,0.517061233521,466,0.978991596639,465,0.976890756303,470,0.987394957983,469,0.985294117647,464,462,463,0.97268907563,461,0.968487394958,1,0.000592417061611,1,0.000592417061611,1353,0.625231053604,0.705963059535,0.0361646477395,0.0402501595349,2,0.000924214417745,2,0.000924214417745,0,0,2150,0.993530499076,2148,0.992606284658,0
lfw,arcface-7972a704552df378345f,20260803-R001-a4479011,population-dacf68fb3d7e919a7fd37ada,origin-embedding-fc0c20fb0702e1c6aeb1eafd,pca,pca_256,13195,512,256,True,reconstruction,2.01329695206e-05,3.72409045829e-05,0.0989796291046,0.138526529451,0.994829618189,0.99042053371,0,1024,0,not_applicable,step4_search_space_refresh,exploratory_dirty_evaluator,False,lfw-identity-disjoint-open-set-v1,pca_direct_cosine,cosine_similarity,cosine_similarity,True,True,1,time.perf_counter,,,,9.22159999027,7.86610000068,0.00363498151603,275104.562593,50,2048,102400,51200,1024,recalibrated_compressed,calibration,test,20,2164,476,1688,,0.471559643745,0.471555560827,466,0.978991596639,466,0.978991596639,470,0.987394957983,470,0.987394957983,464,464,463,0.97268907563,463,0.97268907563,1,0.000592417061611,1,0.000592417061611,1992,0.920517560074,0.924560063152,-0.000439503314507,0.00539678997272,0,0,0,0,0,0,2150,0.993530499076,2150,0.993530499076,0
lfw,arcface-7972a704552df378345f,20260803-R001-a4479011,population-dacf68fb3d7e919a7fd37ada,origin-embedding-fc0c20fb0702e1c6aeb1eafd,pca,pca_384,13195,512,384,True,reconstruction,9.31195620814e-08,1.53272901815e-07,0.00679340439987,0.00885399586504,0.999976195664,0.999960803634,0,1536,0,not_applicable,step4_search_space_refresh,exploratory_dirty_evaluator,False,lfw-identity-disjoint-open-set-v1,pca_direct_cosine,cosine_similarity,cosine_similarity,True,True,1,time.perf_counter,,,,7.71800000803,8.85549999657,0.00409219038659,244367.907045,50,2048,102400,76800,1536,recalibrated_compressed,calibration,test,20,2164,476,1688,,0.471559643745,0.467772841454,466,0.978991596639,466,0.978991596639,470,0.987394957983,470,0.987394957983,464,464,463,0.97268907563,463,0.97268907563,1,0.000592417061611,1,0.000592417061611,2018,0.932532347505,0.930721666557,-0.00169033686632,0.00520557590008,0,0,0,0,0,0,2150,0.993530499076,2150,0.993530499076,0
lfw,arcface-7972a704552df378345f,20260803-R001-a4479011,population-dacf68fb3d7e919a7fd37ada,origin-embedding-fc0c20fb0702e1c6aeb1eafd,pca,pca_32,13195,512,32,True,reconstruction,0.00139672622869,0.00166298114635,1.01454748351,1.17510093072,0.519750857739,0.38544994368,0,128,0,not_applicable,step4_search_space_refresh,exploratory_dirty_evaluator,False,lfw-identity-disjoint-open-set-v1,pca_reconstruction_cosine,cosine_similarity,cosine_similarity,True,True,1,time.perf_counter,,,,10.5107999989,11.1981999944,0.00517476894381,193245.343098,50,2048,102400,6400,128,frozen_origin,calibration,test,20,2164,476,1688,0.471559643745,0.471559643745,0.471559643745,466,0.978991596639,462,0.970588235294,470,0.987394957983,469,0.985294117647,464,800,463,0.97268907563,462,0.970588235294,1,0.000592417061611,333,0.197274881517,757,0.349815157116,0.475615657576,0.18865047104,0.199709794527,336,0.155268022181,0,0,336,0.155268022181,2150,0.993530499076,1817,0.839648798521,0
lfw,arcface-7972a704552df378345f,20260803-R001-a4479011,population-dacf68fb3d7e919a7fd37ada,origin-embedding-fc0c20fb0702e1c6aeb1eafd,pca,pca_64,13195,512,64,True,reconstruction,0.0010461272257,0.00135174141746,0.819635584028,0.98254910081,0.675165824316,0.554903717655,0,256,0,not_applicable,step4_search_space_refresh,exploratory_dirty_evaluator,False,lfw-identity-disjoint-open-set-v1,pca_reconstruction_cosine,cosine_similarity,cosine_similarity,True,True,1,time.perf_counter,,,,9.73630000954,9.91910000448,0.0045836876176,218164.954383,50,2048,102400,12800,256,frozen_origin,calibration,test,20,2164,476,1688,0.471559643745,0.471559643745,0.471559643745,466,0.978991596639,464,0.974789915966,470,0.987394957983,469,0.985294117647,464,473,463,0.97268907563,463,0.97268907563,1,0.000592417061611,10,0.00592417061611,999,0.461645101664,0.571527411809,0.0994652465826,0.104303270131,9,0.00415896487985,0,0,9,0.00415896487985,2150,0.993530499076,2141,0.989371534196,0
lfw,arcface-7972a704552df378345f,20260803-R001-a4479011,population-dacf68fb3d7e919a7fd37ada,origin-embedding-fc0c20fb0702e1c6aeb1eafd,pca,pca_128,13195,512,128,True,reconstruction,0.000550465712729,0.000810402487688,0.553478773984,0.69989551292,0.845843441672,0.764909490148,0,512,0,not_applicable,step4_search_space_refresh,exploratory_dirty_evaluator,False,lfw-identity-disjoint-open-set-v1,pca_reconstruction_cosine,cosine_similarity,cosine_similarity,True,True,1,time.perf_counter,,,,10.0085999875,10.3882999974,0.00480050831674,208311.273311,50,2048,102400,25600,512,frozen_origin,calibration,test,20,2164,476,1688,0.471559643745,0.471559643745,0.471559643745,466,0.978991596639,464,0.974789915966,470,0.987394957983,469,0.985294117647,464,464,463,0.97268907563,463,0.97268907563,1,0.000592417061611,1,0.000592417061611,1368,0.632162661738,0.711500424918,0.0382813960142,0.0415700250124,0,0,0,0,0,0,2150,0.993530499076,2150,0.993530499076,0
lfw,arcface-7972a704552df378345f,20260803-R001-a4479011,population-dacf68fb3d7e919a7fd37ada,origin-embedding-fc0c20fb0702e1c6aeb1eafd,pca,pca_256,13195,512,256,True,reconstruction,2.01329695206e-05,3.72409045829e-05,0.0989796291046,0.138526529451,0.994829618189,0.99042053371,0,1024,0,not_applicable,step4_search_space_refresh,exploratory_dirty_evaluator,False,lfw-identity-disjoint-open-set-v1,pca_reconstruction_cosine,cosine_similarity,cosine_similarity,True,True,1,time.perf_counter,,,,10.2315999975,10.0745999953,0.00465554528432,214797.609931,50,2048,102400,51200,1024,frozen_origin,calibration,test,20,2164,476,1688,0.471559643745,0.471559643745,0.471559643745,466,0.978991596639,466,0.978991596639,470,0.987394957983,471,0.989495798319,464,464,463,0.97268907563,463,0.97268907563,1,0.000592417061611,1,0.000592417061611,2091,0.966266173752,0.966787251164,0.00127755571329,0.0020714274568,0,0,0,0,0,0,2150,0.993530499076,2150,0.993530499076,0
lfw,arcface-7972a704552df378345f,20260803-R001-a4479011,population-dacf68fb3d7e919a7fd37ada,origin-embedding-fc0c20fb0702e1c6aeb1eafd,pca,pca_384,13195,512,384,True,reconstruction,9.31195620814e-08,1.53272901815e-07,0.00679340439987,0.00885399586504,0.999976195664,0.999960803634,0,1536,0,not_applicable,step4_search_space_refresh,exploratory_dirty_evaluator,False,lfw-identity-disjoint-open-set-v1,pca_reconstruction_cosine,cosine_similarity,cosine_similarity,True,True,1,time.perf_counter,,,,8.36260002689,9.11020001513,0.00420988910126,237535.948322,50,2048,102400,76800,1536,frozen_origin,calibration,test,20,2164,476,1688,0.471559643745,0.471559643745,0.471559643745,466,0.978991596639,466,0.978991596639,470,0.987394957983,470,0.987394957983,464,464,463,0.97268907563,463,0.97268907563,1,0.000592417061611,1,0.000592417061611,2164,1,0.99995598979,7.17906477601e-06,7.55494725572e-06,0,0,0,0,0,0,2150,0.993530499076,2150,0.993530499076,0
lfw,arcface-7972a704552df378345f,20260803-R001-a4479011,population-dacf68fb3d7e919a7fd37ada,origin-embedding-fc0c20fb0702e1c6aeb1eafd,pca,pca_32,13195,512,32,True,reconstruction,0.00139672622869,0.00166298114635,1.01454748351,1.17510093072,0.519750857739,0.38544994368,0,128,0,not_applicable,step4_search_space_refresh,exploratory_dirty_evaluator,False,lfw-identity-disjoint-open-set-v1,pca_reconstruction_cosine,cosine_similarity,cosine_similarity,True,True,1,time.perf_counter,,,,10.5107999989,11.1981999944,0.00517476894381,193245.343098,50,2048,102400,6400,128,recalibrated_compressed,calibration,test,20,2164,476,1688,,0.471559643745,0.563895940781,466,0.978991596639,462,0.970588235294,470,0.987394957983,469,0.985294117647,464,513,463,0.97268907563,460,0.966386554622,1,0.000592417061611,52,0.0308056872038,757,0.349815157116,0.475615657576,0.18865047104,0.199709794527,53,0.0244916820702,2,0.000924214417745,51,0.0235674676525,2150,0.993530499076,2096,0.968576709797,0
lfw,arcface-7972a704552df378345f,20260803-R001-a4479011,population-dacf68fb3d7e919a7fd37ada,origin-embedding-fc0c20fb0702e1c6aeb1eafd,pca,pca_64,13195,512,64,True,reconstruction,0.0010461272257,0.00135174141746,0.819635584028,0.98254910081,0.675165824316,0.554903717655,0,256,0,not_applicable,step4_search_space_refresh,exploratory_dirty_evaluator,False,lfw-identity-disjoint-open-set-v1,pca_reconstruction_cosine,cosine_similarity,cosine_similarity,True,True,1,time.perf_counter,,,,9.73630000954,9.91910000448,0.0045836876176,218164.954383,50,2048,102400,12800,256,recalibrated_compressed,calibration,test,20,2164,476,1688,,0.471559643745,0.474694430828,466,0.978991596639,464,0.974789915966,470,0.987394957983,469,0.985294117647,464,472,463,0.97268907563,463,0.97268907563,1,0.000592417061611,9,0.0053317535545,999,0.461645101664,0.571527411809,0.0994652465826,0.104303270131,8,0.00369685767098,0,0,8,0.00369685767098,2150,0.993530499076,2142,0.989833641405,0
lfw,arcface-7972a704552df378345f,20260803-R001-a4479011,population-dacf68fb3d7e919a7fd37ada,origin-embedding-fc0c20fb0702e1c6aeb1eafd,pca,pca_128,13195,512,128,True,reconstruction,0.000550465712729,0.000810402487688,0.553478773984,0.69989551292,0.845843441672,0.764909490148,0,512,0,not_applicable,step4_search_space_refresh,exploratory_dirty_evaluator,False,lfw-identity-disjoint-open-set-v1,pca_reconstruction_cosine,cosine_similarity,cosine_similarity,True,True,1,time.perf_counter,,,,10.0085999875,10.3882999974,0.00480050831674,208311.273311,50,2048,102400,25600,512,recalibrated_compressed,calibration,test,20,2164,476,1688,,0.471559643745,0.520393610001,466,0.978991596639,464,0.974789915966,470,0.987394957983,469,0.985294117647,464,462,463,0.97268907563,461,0.968487394958,1,0.000592417061611,1,0.000592417061611,1368,0.632162661738,0.711500424918,0.0382813960142,0.0415700250124,2,0.000924214417745,2,0.000924214417745,0,0,2150,0.993530499076,2148,0.992606284658,0
lfw,arcface-7972a704552df378345f,20260803-R001-a4479011,population-dacf68fb3d7e919a7fd37ada,origin-embedding-fc0c20fb0702e1c6aeb1eafd,pca,pca_256,13195,512,256,True,reconstruction,2.01329695206e-05,3.72409045829e-05,0.0989796291046,0.138526529451,0.994829618189,0.99042053371,0,1024,0,not_applicable,step4_search_space_refresh,exploratory_dirty_evaluator,False,lfw-identity-disjoint-open-set-v1,pca_reconstruction_cosine,cosine_similarity,cosine_similarity,True,True,1,time.perf_counter,,,,10.2315999975,10.0745999953,0.00465554528432,214797.609931,50,2048,102400,51200,1024,recalibrated_compressed,calibration,test,20,2164,476,1688,,0.471559643745,0.475622743368,466,0.978991596639,466,0.978991596639,470,0.987394957983,471,0.989495798319,464,464,463,0.97268907563,463,0.97268907563,1,0.000592417061611,1,0.000592417061611,2091,0.966266173752,0.966787251164,0.00127755571329,0.0020714274568,0,0,0,0,0,0,2150,0.993530499076,2150,0.993530499076,0
lfw,arcface-7972a704552df378345f,20260803-R001-a4479011,population-dacf68fb3d7e919a7fd37ada,origin-embedding-fc0c20fb0702e1c6aeb1eafd,pca,pca_384,13195,512,384,True,reconstruction,9.31195620814e-08,1.53272901815e-07,0.00679340439987,0.00885399586504,0.999976195664,0.999960803634,0,1536,0,not_applicable,step4_search_space_refresh,exploratory_dirty_evaluator,False,lfw-identity-disjoint-open-set-v1,pca_reconstruction_cosine,cosine_similarity,cosine_similarity,True,True,1,time.perf_counter,,,,8.36260002689,9.11020001513,0.00420988910126,237535.948322,50,2048,102400,76800,1536,recalibrated_compressed,calibration,test,20,2164,476,1688,,0.471559643745,0.47157740593,466,0.978991596639,466,0.978991596639,470,0.987394957983,470,0.987394957983,464,464,463,0.97268907563,463,0.97268907563,1,0.000592417061611,1,0.000592417061611,2164,1,0.99995598979,7.17906477601e-06,7.55494725572e-06,0,0,0,0,0,0,2150,0.993530499076,2150,0.993530499076,0
lfw,arcface-7972a704552df378345f,20260803-R001-a4479011,population-dacf68fb3d7e919a7fd37ada,origin-embedding-fc0c20fb0702e1c6aeb1eafd,pq,pq_512_m8_b8,13195,512,512,True,reconstruction,0.00141028244807,0.00175120555264,1.0207222862,1.21359886367,0.506800507358,0.349649967925,0,8,524288,faiss_centroids,step4_search_space_refresh,exploratory_dirty_evaluator,False,lfw-identity-disjoint-open-set-v1,pq_adc_exhaustive,cosine_similarity,negative_squared_l2_adc,False,False,1,time.perf_counter,0.0579000043217,0.0159000046551,0.614099990344,11.1503999797,10.3140000138,0.00476617375866,209811.905867,50,2048,102400,524688,10493.76,recalibrated_compressed,calibration,test,20,2164,476,1688,,0.471559643745,-1.03933334351,466,0.978991596639,463,0.97268907563,470,0.987394957983,470,0.987394957983,464,478,463,0.97268907563,456,0.957983193277,1,0.000592417061611,22,0.0130331753555,700,0.323475046211,0.412942817043,,,28,0.0129390018484,7,0.00323475046211,21,0.00970425138632,2150,0.993530499076,2122,0.980591497227,0
lfw,arcface-7972a704552df378345f,20260803-R001-a4479011,population-dacf68fb3d7e919a7fd37ada,origin-embedding-fc0c20fb0702e1c6aeb1eafd,pq,pq_512_m16_b8,13195,512,512,True,reconstruction,0.00124122273784,0.00154098517817,0.918554232554,1.07447798661,0.595914089189,0.476191335942,0,16,524288,faiss_centroids,step4_search_space_refresh,exploratory_dirty_evaluator,False,lfw-identity-disjoint-open-set-v1,pq_adc_exhaustive,cosine_similarity,negative_squared_l2_adc,False,False,1,time.perf_counter,0.0643999956083,0.0148999970406,0.577700004214,9.08869999694,17.0997999958,0.00790194084833,126551.187764,50,2048,102400,525088,10501.76,recalibrated_compressed,calibration,test,20,2164,476,1688,,0.471559643745,-1.08508241177,466,0.978991596639,463,0.97268907563,470,0.987394957983,470,0.987394957983,464,468,463,0.97268907563,463,0.97268907563,1,0.000592417061611,5,0.00296208530806,881,0.407116451017,0.478309608262,,,4,0.00184842883549,0,0,4,0.00184842883549,2150,0.993530499076,2146,0.99168207024,0
lfw,arcface-7972a704552df378345f,20260803-R001-a4479011,population-dacf68fb3d7e919a7fd37ada,origin-embedding-fc0c20fb0702e1c6aeb1eafd,pq,pq_512_m32_b8,13195,512,512,True,reconstruction,0.000960022671213,0.00118262221153,0.771790295448,0.884139326985,0.711191681231,0.633955354593,0,32,524288,faiss_centroids,step4_search_space_refresh,exploratory_dirty_evaluator,False,lfw-identity-disjoint-open-set-v1,pq_adc_exhaustive,cosine_similarity,negative_squared_l2_adc,False,False,1,time.perf_counter,0.0720999960322,0.0154000008479,1.62110000383,9.22269999865,28.5687000141,0.0132018022247,75747.2338233,50,2048,102400,525888,10517.76,recalibrated_compressed,calibration,test,20,2164,476,1688,,0.471559643745,-1.12917768955,466,0.978991596639,465,0.976890756303,470,0.987394957983,470,0.987394957983,464,464,463,0.97268907563,463,0.97268907563,1,0.000592417061611,1,0.000592417061611,1122,0.518484288355,0.573414711024,,,0,0,0,0,0,0,2150,0.993530499076,2150,0.993530499076,0
lfw,arcface-7972a704552df378345f,20260803-R001-a4479011,population-dacf68fb3d7e919a7fd37ada,origin-embedding-fc0c20fb0702e1c6aeb1eafd,pq,pq_512_m64_b8,13195,512,512,True,reconstruction,0.000559206458349,0.000677550191849,0.562167051352,0.628840935034,0.844594275342,0.808709822443,0,64,524288,faiss_centroids,step4_search_space_refresh,exploratory_dirty_evaluator,False,lfw-identity-disjoint-open-set-v1,pq_adc_exhaustive,cosine_similarity,negative_squared_l2_adc,False,False,1,time.perf_counter,0.0808000040706,0.0192000006791,1.00369998836,8.52989999112,36.5180000081,0.0168752310573,59258.4478756,50,2048,102400,527488,10549.76,recalibrated_compressed,calibration,test,20,2164,476,1688,,0.471559643745,-1.09099972248,466,0.978991596639,465,0.976890756303,470,0.987394957983,469,0.985294117647,464,464,463,0.97268907563,463,0.97268907563,1,0.000592417061611,1,0.000592417061611,1388,0.641404805915,0.683691150423,,,0,0,0,0,0,0,2150,0.993530499076,2150,0.993530499076,0
lfw,arcface-7972a704552df378345f,20260803-R001-a4479011,population-dacf68fb3d7e919a7fd37ada,origin-embedding-fc0c20fb0702e1c6aeb1eafd,pq,pq_512_m128_b8,13195,512,512,True,reconstruction,0.000174674229217,0.000212185642554,0.302585918752,0.335484879753,0.954320705994,0.944250785106,0,128,524288,faiss_centroids,step4_search_space_refresh,exploratory_dirty_evaluator,False,lfw-identity-disjoint-open-set-v1,pq_adc_exhaustive,cosine_similarity,negative_squared_l2_adc,False,False,1,time.perf_counter,0.0590999843553,0.0144999939948,1.42420001794,9.68600000488,89.9116999935,0.041548844729,24068.0578852,50,2048,102400,530688,10613.76,recalibrated_compressed,calibration,test,20,2164,476,1688,,0.471559643745,-1.0893342495,466,0.978991596639,465,0.976890756303,470,0.987394957983,470,0.987394957983,464,464,463,0.97268907563,463,0.97268907563,1,0.000592417061611,1,0.000592417061611,1676,0.77449168207,0.797639733355,,,0,0,0,0,0,0,2150,0.993530499076,2150,0.993530499076,0
lfw,arcface-7972a704552df378345f,20260803-R001-a4479011,population-dacf68fb3d7e919a7fd37ada,origin-embedding-fc0c20fb0702e1c6aeb1eafd,pq,pq_512_m8_b8,13195,512,512,True,reconstruction,0.00141028244807,0.00175120555264,1.0207222862,1.21359886367,0.506800507358,0.349649967925,0,8,524288,faiss_centroids,step4_search_space_refresh,exploratory_dirty_evaluator,False,lfw-identity-disjoint-open-set-v1,pq_reconstruction_cosine,cosine_similarity,cosine_similarity,True,True,1,time.perf_counter,,,,11.1503999797,12.4131000193,0.00573618300339,174331.955485,50,2048,102400,524688,10493.76,frozen_origin,calibration,test,20,2164,476,1688,0.471559643745,0.471559643745,0.471559643745,466,0.978991596639,416,0.873949579832,470,0.987394957983,471,0.989495798319,464,129,463,0.97268907563,129,0.271008403361,1,0.000592417061611,0,0,555,0.256469500924,0.341819690007,-0.0850721877722,0.12723569415,335,0.154805914972,335,0.154805914972,0,0,2150,0.993530499076,1817,0.839648798521,0
lfw,arcface-7972a704552df378345f,20260803-R001-a4479011,population-dacf68fb3d7e919a7fd37ada,origin-embedding-fc0c20fb0702e1c6aeb1eafd,pq,pq_512_m16_b8,13195,512,512,True,reconstruction,0.00124122273784,0.00154098517817,0.918554232554,1.07447798661,0.595914089189,0.476191335942,0,16,524288,faiss_centroids,step4_search_space_refresh,exploratory_dirty_evaluator,False,lfw-identity-disjoint-open-set-v1,pq_reconstruction_cosine,cosine_similarity,cosine_similarity,True,True,1,time.perf_counter,,,,9.08869999694,9.90149998688,0.00457555452259,218552.744823,50,2048,102400,525088,10501.76,frozen_origin,calibration,test,20,2164,476,1688,0.471559643745,0.471559643745,0.471559643745,466,0.978991596639,459,0.964285714286,470,0.987394957983,470,0.987394957983,464,129,463,0.97268907563,129,0.271008403361,1,0.000592417061611,0,0,662,0.305914972274,0.389859688399,-0.112157510122,0.121346876631,335,0.154805914972,335,0.154805914972,0,0,2150,0.993530499076,1817,0.839648798521,0
lfw,arcface-7972a704552df378345f,20260803-R001-a4479011,population-dacf68fb3d7e919a7fd37ada,origin-embedding-fc0c20fb0702e1c6aeb1eafd,pq,pq_512_m32_b8,13195,512,512,True,reconstruction,0.000960022671213,0.00118262221153,0.771790295448,0.884139326985,0.711191681231,0.633955354593,0,32,524288,faiss_centroids,step4_search_space_refresh,exploratory_dirty_evaluator,False,lfw-identity-disjoint-open-set-v1,pq_reconstruction_cosine,cosine_similarity,cosine_similarity,True,True,1,time.perf_counter,,,,9.22269999865,9.62160000927,0.00444621072517,224910.61756,50,2048,102400,525888,10517.76,frozen_origin,calibration,test,20,2164,476,1688,0.471559643745,0.471559643745,0.471559643745,466,0.978991596639,464,0.974789915966,470,0.987394957983,467,0.981092436975,464,244,463,0.97268907563,243,0.510504201681,1,0.000592417061611,1,0.000592417061611,870,0.402033271719,0.475560003428,-0.105755002883,0.109783698796,220,0.101663585952,220,0.101663585952,0,0,2150,0.993530499076,1930,0.891866913124,0
lfw,arcface-7972a704552df378345f,20260803-R001-a4479011,population-dacf68fb3d7e919a7fd37ada,origin-embedding-fc0c20fb0702e1c6aeb1eafd,pq,pq_512_m64_b8,13195,512,512,True,reconstruction,0.000559206458349,0.000677550191849,0.562167051352,0.628840935034,0.844594275342,0.808709822443,0,64,524288,faiss_centroids,step4_search_space_refresh,exploratory_dirty_evaluator,False,lfw-identity-disjoint-open-set-v1,pq_reconstruction_cosine,cosine_similarity,cosine_similarity,True,True,1,time.perf_counter,,,,8.52989999112,9.50100002228,0.00439048060179,227765.497834,50,2048,102400,527488,10549.76,frozen_origin,calibration,test,20,2164,476,1688,0.471559643745,0.471559643745,0.471559643745,466,0.978991596639,464,0.974789915966,470,0.987394957983,468,0.983193277311,464,442,463,0.97268907563,441,0.926470588235,1,0.000592417061611,1,0.000592417061611,1212,0.560073937153,0.621066326832,-0.0718731585883,0.0757738249635,22,0.0101663585952,22,0.0101663585952,0,0,2150,0.993530499076,2128,0.983364140481,0
lfw,arcface-7972a704552df378345f,20260803-R001-a4479011,population-dacf68fb3d7e919a7fd37ada,origin-embedding-fc0c20fb0702e1c6aeb1eafd,pq,pq_512_m128_b8,13195,512,512,True,reconstruction,0.000174674229217,0.000212185642554,0.302585918752,0.335484879753,0.954320705994,0.944250785106,0,128,524288,faiss_centroids,step4_search_space_refresh,exploratory_dirty_evaluator,False,lfw-identity-disjoint-open-set-v1,pq_reconstruction_cosine,cosine_similarity,cosine_similarity,True,True,1,time.perf_counter,,,,9.68600000488,10.2503999951,0.00473678373158,211113.712736,50,2048,102400,530688,10613.76,frozen_origin,calibration,test,20,2164,476,1688,0.471559643745,0.471559643745,0.471559643745,466,0.978991596639,464,0.974789915966,470,0.987394957983,471,0.989495798319,464,462,463,0.97268907563,461,0.968487394958,1,0.000592417061611,1,0.000592417061611,1630,0.753234750462,0.78386162773,-0.0248059267781,0.0297685478936,2,0.000924214417745,2,0.000924214417745,0,0,2150,0.993530499076,2148,0.992606284658,0
lfw,arcface-7972a704552df378345f,20260803-R001-a4479011,population-dacf68fb3d7e919a7fd37ada,origin-embedding-fc0c20fb0702e1c6aeb1eafd,pq,pq_512_m8_b8,13195,512,512,True,reconstruction,0.00141028244807,0.00175120555264,1.0207222862,1.21359886367,0.506800507358,0.349649967925,0,8,524288,faiss_centroids,step4_search_space_refresh,exploratory_dirty_evaluator,False,lfw-identity-disjoint-open-set-v1,pq_reconstruction_cosine,cosine_similarity,cosine_similarity,True,True,1,time.perf_counter,,,,11.1503999797,12.4131000193,0.00573618300339,174331.955485,50,2048,102400,524688,10493.76,recalibrated_compressed,calibration,test,20,2164,476,1688,,0.471559643745,0.288715064526,466,0.978991596639,416,0.873949579832,470,0.987394957983,471,0.989495798319,464,368,463,0.97268907563,336,0.705882352941,1,0.000592417061611,27,0.0159952606635,555,0.256469500924,0.341819690007,-0.0850721877722,0.12723569415,150,0.0693160813309,123,0.0568391866913,27,0.0124768946396,2150,0.993530499076,1997,0.922828096118,0
lfw,arcface-7972a704552df378345f,20260803-R001-a4479011,population-dacf68fb3d7e919a7fd37ada,origin-embedding-fc0c20fb0702e1c6aeb1eafd,pq,pq_512_m16_b8,13195,512,512,True,reconstruction,0.00124122273784,0.00154098517817,0.918554232554,1.07447798661,0.595914089189,0.476191335942,0,16,524288,faiss_centroids,step4_search_space_refresh,exploratory_dirty_evaluator,False,lfw-identity-disjoint-open-set-v1,pq_reconstruction_cosine,cosine_similarity,cosine_similarity,True,True,1,time.perf_counter,,,,9.08869999694,9.90149998688,0.00457555452259,218552.744823,50,2048,102400,525088,10501.76,recalibrated_compressed,calibration,test,20,2164,476,1688,,0.471559643745,0.217624723911,466,0.978991596639,459,0.964285714286,470,0.987394957983,470,0.987394957983,464,477,463,0.97268907563,444,0.932773109244,1,0.000592417061611,31,0.01836492891,662,0.305914972274,0.389859688399,-0.112157510122,0.121346876631,47,0.021719038817,17,0.00785582255083,30,0.0138632162662,2150,0.993530499076,2101,0.970887245841,0
lfw,arcface-7972a704552df378345f,20260803-R001-a4479011,population-dacf68fb3d7e919a7fd37ada,origin-embedding-fc0c20fb0702e1c6aeb1eafd,pq,pq_512_m32_b8,13195,512,512,True,reconstruction,0.000960022671213,0.00118262221153,0.771790295448,0.884139326985,0.711191681231,0.633955354593,0,32,524288,faiss_centroids,step4_search_space_refresh,exploratory_dirty_evaluator,False,lfw-identity-disjoint-open-set-v1,pq_reconstruction_cosine,cosine_similarity,cosine_similarity,True,True,1,time.perf_counter,,,,9.22269999865,9.62160000927,0.00444621072517,224910.61756,50,2048,102400,525888,10517.76,recalibrated_compressed,calibration,test,20,2164,476,1688,,0.471559643745,0.196096748114,466,0.978991596639,464,0.974789915966,470,0.987394957983,467,0.981092436975,464,490,463,0.97268907563,462,0.970588235294,1,0.000592417061611,27,0.0159952606635,870,0.402033271719,0.475560003428,-0.105755002883,0.109783698796,28,0.0129390018484,1,0.000462107208872,27,0.0124768946396,2150,0.993530499076,2123,0.981053604436,0
lfw,arcface-7972a704552df378345f,20260803-R001-a4479011,population-dacf68fb3d7e919a7fd37ada,origin-embedding-fc0c20fb0702e1c6aeb1eafd,pq,pq_512_m64_b8,13195,512,512,True,reconstruction,0.000559206458349,0.000677550191849,0.562167051352,0.628840935034,0.844594275342,0.808709822443,0,64,524288,faiss_centroids,step4_search_space_refresh,exploratory_dirty_evaluator,False,lfw-identity-disjoint-open-set-v1,pq_reconstruction_cosine,cosine_similarity,cosine_similarity,True,True,1,time.perf_counter,,,,8.52989999112,9.50100002228,0.00439048060179,227765.497834,50,2048,102400,527488,10549.76,recalibrated_compressed,calibration,test,20,2164,476,1688,,0.471559643745,0.287938505411,466,0.978991596639,464,0.974789915966,470,0.987394957983,468,0.983193277311,464,464,463,0.97268907563,463,0.97268907563,1,0.000592417061611,1,0.000592417061611,1212,0.560073937153,0.621066326832,-0.0718731585883,0.0757738249635,0,0,0,0,0,0,2150,0.993530499076,2150,0.993530499076,0
lfw,arcface-7972a704552df378345f,20260803-R001-a4479011,population-dacf68fb3d7e919a7fd37ada,origin-embedding-fc0c20fb0702e1c6aeb1eafd,pq,pq_512_m128_b8,13195,512,512,True,reconstruction,0.000174674229217,0.000212185642554,0.302585918752,0.335484879753,0.954320705994,0.944250785106,0,128,524288,faiss_centroids,step4_search_space_refresh,exploratory_dirty_evaluator,False,lfw-identity-disjoint-open-set-v1,pq_reconstruction_cosine,cosine_similarity,cosine_similarity,True,True,1,time.perf_counter,,,,9.68600000488,10.2503999951,0.00473678373158,211113.712736,50,2048,102400,530688,10613.76,recalibrated_compressed,calibration,test,20,2164,476,1688,,0.471559643745,0.400057226419,466,0.978991596639,464,0.974789915966,470,0.987394957983,471,0.989495798319,464,464,463,0.97268907563,463,0.97268907563,1,0.000592417061611,1,0.000592417061611,1630,0.753234750462,0.78386162773,-0.0248059267781,0.0297685478936,0,0,0,0,0,0,2150,0.993530499076,2150,0.993530499076,0
survface,arcface-7972a704552df378345f,20260803-R001-33efcd08,population-8cf1a0037c25d80a20f282c3,origin-embedding-4a96b07230aa31c5098535d1,pca,pca_32,463341,512,32,True,reconstruction,0.000649808398338,0.00116368512859,0.609390499834,0.881355350206,0.812609810901,0.636105938205,0,128,0,not_applicable,step4_search_space_refresh,validation_required,True,qmul-survface-v1-training-derived-3000-watchlist-calibration-v2,pca_direct_cosine,cosine_similarity,cosine_similarity,True,True,1,time.perf_counter,,,,36317.247,33067.3417,0.181530101175,5508.7282689,3000,2048,6144000,384000,128,frozen_origin,calibration,test,20,182159,60423,121736,0.778957605362,0.778957605362,0.778957605362,2577,0.0426493222779,930,0.0153914899955,10180,0.168478890489,4857,0.0803832977509,17720,12667,394,0.00652069576155,190,0.00314449795608,11284,0.0926923835184,8489,0.0697328645594,34635,0.190136089899,0.193806358057,0.0202067296535,0.0839550998146,15701,0.0861939294792,10377,0.0569667158911,5324,0.0292272135881,110846,0.608512343612,113437,0.622736181029,0
survface,arcface-7972a704552df378345f,20260803-R001-33efcd08,population-8cf1a0037c25d80a20f282c3,origin-embedding-4a96b07230aa31c5098535d1,pca,pca_64,463341,512,64,True,reconstruction,0.000418770432266,0.000796499912656,0.474052943385,0.692549995414,0.884672729484,0.769620342358,0,256,0,not_applicable,step4_search_space_refresh,validation_required,True,qmul-survface-v1-training-derived-3000-watchlist-calibration-v2,pca_direct_cosine,cosine_similarity,cosine_similarity,True,True,1,time.perf_counter,,,,35223.3616,33334.3539,0.182995920597,5464.60269026,3000,2048,6144000,768000,256,frozen_origin,calibration,test,20,182159,60423,121736,0.778957605362,0.778957605362,0.778957605362,2577,0.0426493222779,1326,0.0219452857356,10180,0.168478890489,6046,0.10006123496,17720,2960,394,0.00652069576155,76,0.00125779918243,11284,0.0926923835184,1981,0.0162729184465,52645,0.289005758705,0.252201986293,-0.077144957007,0.112679917749,15238,0.0836521939624,14999,0.0823401533825,239,0.00131204057993,110846,0.608512343612,119831,0.657837383824,0
survface,arcface-7972a704552df378345f,20260803-R001-33efcd08,population-8cf1a0037c25d80a20f282c3,origin-embedding-4a96b07230aa31c5098535d1,pca,pca_128,463341,512,128,True,reconstruction,0.000196551077336,0.00039004217909,0.31593327831,0.463246452184,0.948001676043,0.894606521809,0,512,0,not_applicable,step4_search_space_refresh,validation_required,True,qmul-survface-v1-training-derived-3000-watchlist-calibration-v2,pca_direct_cosine,cosine_similarity,cosine_similarity,True,True,1,time.perf_counter,,,,35347.5155,33648.7108,0.18472164867,5413.55064337,3000,2048,6144000,1536000,512,frozen_origin,calibration,test,20,182159,60423,121736,0.778957605362,0.778957605362,0.778957605362,2577,0.0426493222779,1637,0.02709233239,10180,0.168478890489,6834,0.113102626483,17720,1197,394,0.00652069576155,25,0.000413749731063,11284,0.0926923835184,836,0.00686731944536,66297,0.363951273338,0.296129624103,-0.145326434654,0.157905318809,16553,0.0908711620068,16538,0.0907888163637,15,8.2345643092e-05,110846,0.608512343612,120925,0.66384312606,0
survface,arcface-7972a704552df378345f,20260803-R001-33efcd08,population-8cf1a0037c25d80a20f282c3,origin-embedding-4a96b07230aa31c5098535d1,pca,pca_256,463341,512,256,True,reconstruction,1.04845092641e-05,2.10462440295e-05,0.0712299429479,0.103991082252,0.997311450417,0.994597798389,0,1024,0,not_applicable,step4_search_space_refresh,validation_required,True,qmul-survface-v1-training-derived-3000-watchlist-calibration-v2,pca_direct_cosine,cosine_similarity,cosine_similarity,True,True,1,time.perf_counter,,,,37199.6045,34497.5441,0.189381496934,5280.34689866,3000,2048,6144000,3072000,1024,frozen_origin,calibration,test,20,182159,60423,121736,0.778957605362,0.778957605362,0.778957605362,2577,0.0426493222779,1860,0.0307829799911,10180,0.168478890489,7380,0.12213892061,17720,633,394,0.00652069576155,9,0.000148949903183,11284,0.0926923835184,469,0.00385259906683,76024,0.417349678029,0.329157799538,-0.189628036691,0.194239748252,17095,0.0938465845772,17091,0.0938246257391,4,2.19588381579e-05,110846,0.608512343612,121276,0.665770014109,0
survface,arcface-7972a704552df378345f,20260803-R001-33efcd08,population-8cf1a0037c25d80a20f282c3,origin-embedding-4a96b07230aa31c5098535d1,pca,pca_384,463341,512,384,True,reconstruction,1.36998849239e-07,2.15772658812e-07,0.00827656687456,0.0105080152894,0.999964961952,0.999944791315,0,1536,0,not_applicable,step4_search_space_refresh,validation_required,True,qmul-survface-v1-training-derived-3000-watchlist-calibration-v2,pca_direct_cosine,cosine_similarity,cosine_similarity,True,True,1,time.perf_counter,,,,35902.359,35513.3112,0.194957763273,5129.3161309,3000,2048,6144000,4608000,1536,frozen_origin,calibration,test,20,182159,60423,121736,0.778957605362,0.778957605362,0.778957605362,2577,0.0426493222779,1876,0.0310477798189,10180,0.168478890489,7416,0.122734720222,17720,606,394,0.00652069576155,7,0.000115849924698,11284,0.0926923835184,450,0.00369652362489,76423,0.419540072135,0.330728166371,-0.19184903023,0.196225111516,17120,0.0939838273157,17117,0.0939673581871,3,1.64691286184e-05,110846,0.608512343612,121293,0.665863339171,0
survface,arcface-7972a704552df378345f,20260803-R001-33efcd08,population-8cf1a0037c25d80a20f282c3,origin-embedding-4a96b07230aa31c5098535d1,pca,pca_32,463341,512,32,True,reconstruction,0.000649808398338,0.00116368512859,0.609390499834,0.881355350206,0.812609810901,0.636105938205,0,128,0,not_applicable,step4_search_space_refresh,validation_required,True,qmul-survface-v1-training-derived-3000-watchlist-calibration-v2,pca_direct_cosine,cosine_similarity,cosine_similarity,True,True,1,time.perf_counter,,,,36317.247,33067.3417,0.181530101175,5508.7282689,3000,2048,6144000,384000,128,recalibrated_compressed,calibration,test,20,182159,60423,121736,,0.778957605362,0.756091117859,2577,0.0426493222779,930,0.0153914899955,10180,0.168478890489,4857,0.0803832977509,17720,20525,394,0.00652069576155,266,0.00440229713851,11284,0.0926923835184,13732,0.112801472038,34635,0.190136089899,0.193806358057,0.0202067296535,0.0839550998146,18615,0.102190943077,7905,0.0433961539095,10710,0.0587947891677,110846,0.608512343612,108270,0.594370851838,0
survface,arcface-7972a704552df378345f,20260803-R001-33efcd08,population-8cf1a0037c25d80a20f282c3,origin-embedding-4a96b07230aa31c5098535d1,pca,pca_64,463341,512,64,True,reconstruction,0.000418770432266,0.000796499912656,0.474052943385,0.692549995414,0.884672729484,0.769620342358,0,256,0,not_applicable,step4_search_space_refresh,validation_required,True,qmul-survface-v1-training-derived-3000-watchlist-calibration-v2,pca_direct_cosine,cosine_similarity,cosine_similarity,True,True,1,time.perf_counter,,,,35223.3616,33334.3539,0.182995920597,5464.60269026,3000,2048,6144000,768000,256,recalibrated_compressed,calibration,test,20,182159,60423,121736,,0.778957605362,0.666113197803,2577,0.0426493222779,1326,0.0219452857356,10180,0.168478890489,6046,0.10006123496,17720,20717,394,0.00652069576155,436,0.00721579530973,11284,0.0926923835184,13654,0.112160741276,52645,0.289005758705,0.252201986293,-0.077144957007,0.112679917749,15153,0.0831855686516,6078,0.0333664545809,9075,0.0498191140707,110846,0.608512343612,108518,0.595732299804,0
survface,arcface-7972a704552df378345f,20260803-R001-33efcd08,population-8cf1a0037c25d80a20f282c3,origin-embedding-4a96b07230aa31c5098535d1,pca,pca_128,463341,512,128,True,reconstruction,0.000196551077336,0.00039004217909,0.31593327831,0.463246452184,0.948001676043,0.894606521809,0,512,0,not_applicable,step4_search_space_refresh,validation_required,True,qmul-survface-v1-training-derived-3000-watchlist-calibration-v2,pca_direct_cosine,cosine_similarity,cosine_similarity,True,True,1,time.perf_counter,,,,35347.5155,33648.7108,0.18472164867,5413.55064337,3000,2048,6144000,1536000,512,recalibrated_compressed,calibration,test,20,182159,60423,121736,,0.778957605362,0.602415382862,2577,0.0426493222779,1637,0.02709233239,10180,0.168478890489,6834,0.113102626483,17720,20523,394,0.00652069576155,577,0.00954934379293,11284,0.0926923835184,13351,0.109671748702,66297,0.363951273338,0.296129624103,-0.145326434654,0.157905318809,13367,0.0733809474141,5282,0.0289966457875,8085,0.0443843016266,110846,0.608512343612,108962,0.59816973084,0
survface,arcface-7972a704552df378345f,20260803-R001-33efcd08,population-8cf1a0037c25d80a20f282c3,origin-embedding-4a96b07230aa31c5098535d1,pca,pca_256,463341,512,256,True,reconstruction,1.04845092641e-05,2.10462440295e-05,0.0712299429479,0.103991082252,0.997311450417,0.994597798389,0,1024,0,not_applicable,step4_search_space_refresh,validation_required,True,qmul-survface-v1-training-derived-3000-watchlist-calibration-v2,pca_direct_cosine,cosine_similarity,cosine_similarity,True,True,1,time.perf_counter,,,,37199.6045,34497.5441,0.189381496934,5280.34689866,3000,2048,6144000,3072000,1024,recalibrated_compressed,calibration,test,20,182159,60423,121736,,0.778957605362,0.560809850693,2577,0.0426493222779,1860,0.0307829799911,10180,0.168478890489,7380,0.12213892061,17720,20445,394,0.00652069576155,651,0.0107740429969,11284,0.0926923835184,13160,0.108102779786,76024,0.417349678029,0.329157799538,-0.189628036691,0.194239748252,12725,0.0698565538897,5000,0.0274485476973,7725,0.0424080061924,110846,0.608512343612,109227,0.599624503868,0
survface,arcface-7972a704552df378345f,20260803-R001-33efcd08,population-8cf1a0037c25d80a20f282c3,origin-embedding-4a96b07230aa31c5098535d1,pca,pca_384,463341,512,384,True,reconstruction,1.36998849239e-07,2.15772658812e-07,0.00827656687456,0.0105080152894,0.999964961952,0.999944791315,0,1536,0,not_applicable,step4_search_space_refresh,validation_required,True,qmul-survface-v1-training-derived-3000-watchlist-calibration-v2,pca_direct_cosine,cosine_similarity,cosine_similarity,True,True,1,time.perf_counter,,,,35902.359,35513.3112,0.194957763273,5129.3161309,3000,2048,6144000,4608000,1536,recalibrated_compressed,calibration,test,20,182159,60423,121736,,0.778957605362,0.558790624142,2577,0.0426493222779,1876,0.0310477798189,10180,0.168478890489,7416,0.122734720222,17720,20427,394,0.00652069576155,659,0.0109064429108,11284,0.0926923835184,13142,0.107954918841,76423,0.419540072135,0.330728166371,-0.19184903023,0.196225111516,12699,0.0697138214417,4996,0.0274265888592,7703,0.0422872325825,110846,0.608512343612,109253,0.599767236316,0
survface,arcface-7972a704552df378345f,20260803-R001-33efcd08,population-8cf1a0037c25d80a20f282c3,origin-embedding-4a96b07230aa31c5098535d1,pca,pca_32,463341,512,32,True,reconstruction,0.000649808398338,0.00116368512859,0.609390499834,0.881355350206,0.812609810901,0.636105938205,0,128,0,not_applicable,step4_search_space_refresh,validation_required,True,qmul-survface-v1-training-derived-3000-watchlist-calibration-v2,pca_reconstruction_cosine,cosine_similarity,cosine_similarity,True,True,1,time.perf_counter,,,,35445.7792,35583.4278,0.195342683041,5119.20889196,3000,2048,6144000,384000,128,frozen_origin,calibration,test,20,182159,60423,121736,0.778957605362,0.778957605362,0.778957605362,2577,0.0426493222779,1302,0.0215480859937,10180,0.168478890489,6908,0.114327325687,17720,127522,394,0.00652069576155,1002,0.016583089221,11284,0.0926923835184,84226,0.691874219623,62966,0.345665050862,0.396555056228,0.16210322107,0.162103238587,109802,0.602781086853,0,0,109802,0.602781086853,110846,0.608512343612,38512,0.211419693784,0
survface,arcface-7972a704552df378345f,20260803-R001-33efcd08,population-8cf1a0037c25d80a20f282c3,origin-embedding-4a96b07230aa31c5098535d1,pca,pca_64,463341,512,64,True,reconstruction,0.000418770432266,0.000796499912656,0.474052943385,0.692549995414,0.884672729484,0.769620342358,0,256,0,not_applicable,step4_search_space_refresh,validation_required,True,qmul-survface-v1-training-derived-3000-watchlist-calibration-v2,pca_reconstruction_cosine,cosine_similarity,cosine_similarity,True,True,1,time.perf_counter,,,,35308.8046,35590.9142,0.195383781202,5118.13208777,3000,2048,6144000,768000,256,frozen_origin,calibration,test,20,182159,60423,121736,0.778957605362,0.778957605362,0.778957605362,2577,0.0426493222779,1865,0.0308657299373,10180,0.168478890489,8628,0.142793307184,17720,65428,394,0.00652069576155,769,0.0127269417275,11284,0.0926923835184,42541,0.349452914504,107178,0.588376089021,0.605312413898,0.0901364164201,0.0901382593619,47708,0.261903062709,0,0,47708,0.261903062709,110846,0.608512343612,79964,0.438979133614,0
survface,arcface-7972a704552df378345f,20260803-R001-33efcd08,population-8cf1a0037c25d80a20f282c3,origin-embedding-4a96b07230aa31c5098535d1,pca,pca_128,463341,512,128,True,reconstruction,0.000196551077336,0.00039004217909,0.31593327831,0.463246452184,0.948001676043,0.894606521809,0,512,0,not_applicable,step4_search_space_refresh,validation_required,True,qmul-survface-v1-training-derived-3000-watchlist-calibration-v2,pca_reconstruction_cosine,cosine_similarity,cosine_similarity,True,True,1,time.perf_counter,,,,35349.8361,35911.6557,0.197144558874,5072.41998313,3000,2048,6144000,1536000,512,frozen_origin,calibration,test,20,182159,60423,121736,0.778957605362,0.778957605362,0.778957605362,2577,0.0426493222779,2322,0.0384290750211,10180,0.168478890489,9622,0.159243996491,17720,32881,394,0.00652069576155,574,0.0094996938252,11284,0.0926923835184,21155,0.173777682855,146499,0.804236957823,0.798780148665,0.0376068626054,0.0376108651902,15161,0.0832294863279,0,0,15161,0.0832294863279,110846,0.608512343612,101155,0.555311568465,0
survface,arcface-7972a704552df378345f,20260803-R001-33efcd08,population-8cf1a0037c25d80a20f282c3,origin-embedding-4a96b07230aa31c5098535d1,pca,pca_256,463341,512,256,True,reconstruction,1.04845092641e-05,2.10462440295e-05,0.0712299429479,0.103991082252,0.997311450417,0.994597798389,0,1024,0,not_applicable,step4_search_space_refresh,validation_required,True,qmul-survface-v1-training-derived-3000-watchlist-calibration-v2,pca_reconstruction_cosine,cosine_similarity,cosine_similarity,True,True,1,time.perf_counter,,,,34577.2753,34711.6202,0.190556712542,5247.78154838,3000,2048,6144000,3072000,1024,frozen_origin,calibration,test,20,182159,60423,121736,0.778957605362,0.778957605362,0.778957605362,2577,0.0426493222779,2569,0.042516922364,10180,0.168478890489,10153,0.168032040779,17720,18322,394,0.00652069576155,404,0.00668619565397,11284,0.0926923835184,11689,0.0960192547808,178521,0.980028436695,0.975601333644,0.00185822448019,0.00187002500128,602,0.00330480514276,0,0,602,0.00330480514276,110846,0.608512343612,110451,0.606343908344,0
survface,arcface-7972a704552df378345f,20260803-R001-33efcd08,population-8cf1a0037c25d80a20f282c3,origin-embedding-4a96b07230aa31c5098535d1,pca,pca_384,463341,512,384,True,reconstruction,1.36998849239e-07,2.15772658812e-07,0.00827656687456,0.0105080152894,0.999964961952,0.999944791315,0,1536,0,not_applicable,step4_search_space_refresh,validation_required,True,qmul-survface-v1-training-derived-3000-watchlist-calibration-v2,pca_reconstruction_cosine,cosine_similarity,cosine_similarity,True,True,1,time.perf_counter,,,,36049.9766,35735.7608,0.196178946964,5097.38692901,3000,2048,6144000,4608000,1536,frozen_origin,calibration,test,20,182159,60423,121736,0.778957605362,0.778957605362,0.778957605362,2577,0.0426493222779,2577,0.0426493222779,10180,0.168478890489,10181,0.168495440478,17720,17732,394,0.00652069576155,394,0.00652069576155,11284,0.0926923835184,11288,0.0927252415062,182134,0.999862757262,0.999786162743,2.53118458991e-05,2.53135253156e-05,12,6.58765144736e-05,0,0,12,6.58765144736e-05,110846,0.608512343612,110842,0.608490384774,0
survface,arcface-7972a704552df378345f,20260803-R001-33efcd08,population-8cf1a0037c25d80a20f282c3,origin-embedding-4a96b07230aa31c5098535d1,pca,pca_32,463341,512,32,True,reconstruction,0.000649808398338,0.00116368512859,0.609390499834,0.881355350206,0.812609810901,0.636105938205,0,128,0,not_applicable,step4_search_space_refresh,validation_required,True,qmul-survface-v1-training-derived-3000-watchlist-calibration-v2,pca_reconstruction_cosine,cosine_similarity,cosine_similarity,True,True,1,time.perf_counter,,,,35445.7792,35583.4278,0.195342683041,5119.20889196,3000,2048,6144000,384000,128,recalibrated_compressed,calibration,test,20,182159,60423,121736,,0.778957605362,0.891441643238,2577,0.0426493222779,1302,0.0215480859937,10180,0.168478890489,6908,0.114327325687,17720,18403,394,0.00652069576155,179,0.00296244807441,11284,0.0926923835184,11904,0.0977853716238,62966,0.345665050862,0.396555056228,0.16210322107,0.162103238587,10519,0.0577462546457,4918,0.0269983915151,5601,0.0307478631306,110846,0.608512343612,110011,0.603928436146,0
survface,arcface-7972a704552df378345f,20260803-R001-33efcd08,population-8cf1a0037c25d80a20f282c3,origin-embedding-4a96b07230aa31c5098535d1,pca,pca_64,463341,512,64,True,reconstruction,0.000418770432266,0.000796499912656,0.474052943385,0.692549995414,0.884672729484,0.769620342358,0,256,0,not_applicable,step4_search_space_refresh,validation_required,True,qmul-survface-v1-training-derived-3000-watchlist-calibration-v2,pca_reconstruction_cosine,cosine_similarity,cosine_similarity,True,True,1,time.perf_counter,,,,35308.8046,35590.9142,0.195383781202,5118.13208777,3000,2048,6144000,768000,256,recalibrated_compressed,calibration,test,20,182159,60423,121736,,0.778957605362,0.844315588474,2577,0.0426493222779,1865,0.0308657299373,10180,0.168478890489,8628,0.142793307184,17720,18425,394,0.00652069576155,291,0.00481604686957,11284,0.0926923835184,11900,0.0977525136361,107178,0.588376089021,0.605312413898,0.0901364164201,0.0901382593619,5459,0.029968324376,2377,0.0130490395753,3082,0.0169192848006,110846,0.608512343612,110127,0.604565242453,0
survface,arcface-7972a704552df378345f,20260803-R001-33efcd08,population-8cf1a0037c25d80a20f282c3,origin-embedding-4a96b07230aa31c5098535d1,pca,pca_128,463341,512,128,True,reconstruction,0.000196551077336,0.00039004217909,0.31593327831,0.463246452184,0.948001676043,0.894606521809,0,512,0,not_applicable,step4_search_space_refresh,validation_required,True,qmul-survface-v1-training-derived-3000-watchlist-calibration-v2,pca_reconstruction_cosine,cosine_similarity,cosine_similarity,True,True,1,time.perf_counter,,,,35349.8361,35911.6557,0.197144558874,5072.41998313,3000,2048,6144000,1536000,512,recalibrated_compressed,calibration,test,20,182159,60423,121736,,0.778957605362,0.807190418243,2577,0.0426493222779,2322,0.0384290750211,10180,0.168478890489,9622,0.159243996491,17720,17988,394,0.00652069576155,363,0.00600764609503,11284,0.0926923835184,11536,0.0947624367484,146499,0.804236957823,0.798780148665,0.0376068626054,0.0376108651902,2416,0.0132631382474,1074,0.00589594804539,1342,0.00736719020197,110846,0.608512343612,110563,0.606958755812,0
survface,arcface-7972a704552df378345f,20260803-R001-33efcd08,population-8cf1a0037c25d80a20f282c3,origin-embedding-4a96b07230aa31c5098535d1,pca,pca_256,463341,512,256,True,reconstruction,1.04845092641e-05,2.10462440295e-05,0.0712299429479,0.103991082252,0.997311450417,0.994597798389,0,1024,0,not_applicable,step4_search_space_refresh,validation_required,True,qmul-survface-v1-training-derived-3000-watchlist-calibration-v2,pca_reconstruction_cosine,cosine_similarity,cosine_similarity,True,True,1,time.perf_counter,,,,34577.2753,34711.6202,0.190556712542,5247.78154838,3000,2048,6144000,3072000,1024,recalibrated_compressed,calibration,test,20,182159,60423,121736,,0.778957605362,0.780502378941,2577,0.0426493222779,2569,0.042516922364,10180,0.168478890489,10153,0.168032040779,17720,17691,394,0.00652069576155,392,0.00648759578306,11284,0.0926923835184,11259,0.0924870210948,178521,0.980028436695,0.975601333644,0.00185822448019,0.00187002500128,201,0.00110343161743,115,0.000631316597039,86,0.000472115020394,110846,0.608512343612,110869,0.608638606931,0
survface,arcface-7972a704552df378345f,20260803-R001-33efcd08,population-8cf1a0037c25d80a20f282c3,origin-embedding-4a96b07230aa31c5098535d1,pca,pca_384,463341,512,384,True,reconstruction,1.36998849239e-07,2.15772658812e-07,0.00827656687456,0.0105080152894,0.999964961952,0.999944791315,0,1536,0,not_applicable,step4_search_space_refresh,validation_required,True,qmul-survface-v1-training-derived-3000-watchlist-calibration-v2,pca_reconstruction_cosine,cosine_similarity,cosine_similarity,True,True,1,time.perf_counter,,,,36049.9766,35735.7608,0.196178946964,5097.38692901,3000,2048,6144000,4608000,1536,recalibrated_compressed,calibration,test,20,182159,60423,121736,,0.778957605362,0.778978347778,2577,0.0426493222779,2577,0.0426493222779,10180,0.168478890489,10181,0.168495440478,17720,17724,394,0.00652069576155,394,0.00652069576155,11284,0.0926923835184,11286,0.0927088125123,182134,0.999862757262,0.999786162743,2.53118458991e-05,2.53135253156e-05,4,2.19588381579e-05,0,0,4,2.19588381579e-05,110846,0.608512343612,110844,0.608501364193,0
survface,arcface-7972a704552df378345f,20260803-R001-33efcd08,population-8cf1a0037c25d80a20f282c3,origin-embedding-4a96b07230aa31c5098535d1,pq,pq_512_m8_b8,463341,512,512,True,reconstruction,0.000988592021252,0.00145115549428,0.790010373533,1.03109183324,0.697901938289,0.513882510764,0,8,524288,faiss_centroids,step4_search_space_refresh,validation_required,True,qmul-survface-v1-training-derived-3000-watchlist-calibration-v2,pq_adc_exhaustive,cosine_similarity,negative_squared_l2_adc,False,False,1,time.perf_counter,0.184900010936,0.03039999865,14.9106000026,38439.9072,1297.02140001,0.00712027075252,140444.097529,3000,2048,6144000,548288,182.762666667,recalibrated_compressed,calibration,test,20,182159,60423,121736,,0.778957605362,-0.413800656796,2577,0.0426493222779,637,0.0105423431475,10180,0.168478890489,4251,0.0703540042699,17720,16734,394,0.00652069576155,66,0.00109229929001,11284,0.0926923835184,10822,0.0888972859302,21970,0.120608918582,0.162332416295,,,6834,0.0375166749927,3910,0.0214647642993,2924,0.0160519106934,110846,0.608512343612,110980,0.60924796469,0
survface,arcface-7972a704552df378345f,20260803-R001-33efcd08,population-8cf1a0037c25d80a20f282c3,origin-embedding-4a96b07230aa31c5098535d1,pq,pq_512_m16_b8,463341,512,512,True,reconstruction,0.000895439740254,0.0013109228428,0.741808843294,0.955543397128,0.732421827088,0.577165090064,0,16,524288,faiss_centroids,step4_search_space_refresh,validation_required,True,qmul-survface-v1-training-derived-3000-watchlist-calibration-v2,pq_adc_exhaustive,cosine_similarity,negative_squared_l2_adc,False,False,1,time.perf_counter,0.203799980227,0.0470000086352,27.9143999796,37039.2923,2431.96800002,0.0133507979294,74901.8901559,3000,2048,6144000,572288,190.762666667,recalibrated_compressed,calibration,test,20,182159,60423,121736,,0.778957605362,-0.443021029234,2577,0.0426493222779,942,0.0155900898664,10180,0.168478890489,5285,0.0874666931466,17720,17366,394,0.00652069576155,114,0.00188669877365,11284,0.0926923835184,11263,0.0925198790826,36221,0.198842769229,0.223758093237,,,6164,0.0338385696013,3259,0.0178909633891,2905,0.0159476062122,110846,0.608512343612,110587,0.607090508841,0
survface,arcface-7972a704552df378345f,20260803-R001-33efcd08,population-8cf1a0037c25d80a20f282c3,origin-embedding-4a96b07230aa31c5098535d1,pq,pq_512_m32_b8,463341,512,512,True,reconstruction,0.000720211565331,0.00104895271266,0.650127546619,0.821460068908,0.792754075992,0.681152957193,0,32,524288,faiss_centroids,step4_search_space_refresh,validation_required,True,qmul-survface-v1-training-derived-3000-watchlist-calibration-v2,pq_adc_exhaustive,cosine_similarity,negative_squared_l2_adc,False,False,1,time.perf_counter,0.186699995538,0.0719999952707,44.4902000017,38874.8192,4851.80580002,0.026635004584,37544.5777321,3000,2048,6144000,620288,206.762666667,recalibrated_compressed,calibration,test,20,182159,60423,121736,,0.778957605362,-0.481494188309,2577,0.0426493222779,1465,0.0242457342403,10180,0.168478890489,6632,0.109759528656,17720,17485,394,0.00652069576155,219,0.00362444764411,11284,0.0926923835184,11246,0.0923802326346,54247,0.297800273388,0.295287195069,,,5001,0.0274540374069,2618,0.0143720595743,2383,0.0130819778326,110846,0.608512343612,110709,0.607760253405,0
survface,arcface-7972a704552df378345f,20260803-R001-33efcd08,population-8cf1a0037c25d80a20f282c3,origin-embedding-4a96b07230aa31c5098535d1,pq,pq_512_m64_b8,463341,512,512,True,reconstruction,0.000431831839546,0.000624699008411,0.486833788145,0.600442888036,0.882300955239,0.825085460577,0,64,524288,faiss_centroids,step4_search_space_refresh,validation_required,True,qmul-survface-v1-training-derived-3000-watchlist-calibration-v2,pq_adc_exhaustive,cosine_similarity,negative_squared_l2_adc,False,False,1,time.perf_counter,0.335599994287,0.118299998576,52.6145999902,37099.567,7888.07640001,0.0433032482612,23092.9558441,3000,2048,6144000,716288,238.762666667,recalibrated_compressed,calibration,test,20,182159,60423,121736,,0.778957605362,-0.510090351105,2577,0.0426493222779,1887,0.0312298297006,10180,0.168478890489,8130,0.134551412542,17720,17672,394,0.00652069576155,299,0.00494844678351,11284,0.0926923835184,11313,0.0929306039298,81802,0.449069219748,0.432568304693,,,3442,0.0188955802348,1745,0.00957954314637,1697,0.00931603708848,110846,0.608512343612,110722,0.607831619629,0
survface,arcface-7972a704552df378345f,20260803-R001-33efcd08,population-8cf1a0037c25d80a20f282c3,origin-embedding-4a96b07230aa31c5098535d1,pq,pq_512_m128_b8,463341,512,512,True,reconstruction,0.000135794897343,0.000198861827659,0.264906349541,0.323733228976,0.964693725779,0.948054457073,0,128,524288,faiss_centroids,step4_search_space_refresh,validation_required,True,qmul-survface-v1-training-derived-3000-watchlist-calibration-v2,pq_adc_exhaustive,cosine_similarity,negative_squared_l2_adc,False,False,1,time.perf_counter,0.157900009071,0.0992999994196,72.4883999792,36537.1108,17140.8005,0.094098016019,10627.2166227,3000,2048,6144000,908288,302.762666667,recalibrated_compressed,calibration,test,20,182159,60423,121736,,0.778957605362,-0.46834051609,2577,0.0426493222779,2436,0.0403157737947,10180,0.168478890489,9778,0.161825794813,17720,17659,394,0.00652069576155,377,0.00623934594443,11284,0.0926923835184,11246,0.0923802326346,129720,0.71212512146,0.699989234516,,,1885,0.0103481024819,973,0.0053414873819,912,0.0050066151,110846,0.608512343612,110867,0.608627627512,0
survface,arcface-7972a704552df378345f,20260803-R001-33efcd08,population-8cf1a0037c25d80a20f282c3,origin-embedding-4a96b07230aa31c5098535d1,pq,pq_512_m8_b8,463341,512,512,True,reconstruction,0.000988592021252,0.00145115549428,0.790010373533,1.03109183324,0.697901938289,0.513882510764,0,8,524288,faiss_centroids,step4_search_space_refresh,validation_required,True,qmul-survface-v1-training-derived-3000-watchlist-calibration-v2,pq_reconstruction_cosine,cosine_similarity,cosine_similarity,True,True,1,time.perf_counter,,,,38439.9072,38112.2194,0.209225014411,4779.5432244,3000,2048,6144000,548288,182.762666667,frozen_origin,calibration,test,20,182159,60423,121736,0.778957605362,0.778957605362,0.778957605362,2577,0.0426493222779,486,0.00804329477186,10180,0.168478890489,4048,0.0669943564537,17720,126327,394,0.00652069576155,340,0.00562699634245,11284,0.0926923835184,83627,0.686953735953,16919,0.0928803956983,0.159209431666,0.160443498745,0.160512827762,108633,0.596363616401,13,7.13662240131e-05,108620,0.596292250177,110846,0.608512343612,38449,0.211073842083,0
survface,arcface-7972a704552df378345f,20260803-R001-33efcd08,population-8cf1a0037c25d80a20f282c3,origin-embedding-4a96b07230aa31c5098535d1,pq,pq_512_m16_b8,463341,512,512,True,reconstruction,0.000895439740254,0.0013109228428,0.741808843294,0.955543397128,0.732421827088,0.577165090064,0,16,524288,faiss_centroids,step4_search_space_refresh,validation_required,True,qmul-survface-v1-training-derived-3000-watchlist-calibration-v2,pq_reconstruction_cosine,cosine_similarity,cosine_similarity,True,True,1,time.perf_counter,,,,37039.2923,36699.4962,0.201469574383,4963.5286274,3000,2048,6144000,572288,190.762666667,frozen_origin,calibration,test,20,182159,60423,121736,0.778957605362,0.778957605362,0.778957605362,2577,0.0426493222779,804,0.013306191351,10180,0.168478890489,5369,0.088856892243,17720,66561,394,0.00652069576155,312,0.00516359664366,11284,0.0926923835184,43517,0.357470263521,29650,0.162769887845,0.236760916081,0.0946165605952,0.0950434511628,49153,0.269835692993,156,0.000856394688157,48997,0.268979298305,110846,0.608512343612,78531,0.431112379844,0
survface,arcface-7972a704552df378345f,20260803-R001-33efcd08,population-8cf1a0037c25d80a20f282c3,origin-embedding-4a96b07230aa31c5098535d1,pq,pq_512_m32_b8,463341,512,512,True,reconstruction,0.000720211565331,0.00104895271266,0.650127546619,0.821460068908,0.792754075992,0.681152957193,0,32,524288,faiss_centroids,step4_search_space_refresh,validation_required,True,qmul-survface-v1-training-derived-3000-watchlist-calibration-v2,pq_reconstruction_cosine,cosine_similarity,cosine_similarity,True,True,1,time.perf_counter,,,,38874.8192,37670.2756,0.206798871316,4835.61633406,3000,2048,6144000,620288,206.762666667,frozen_origin,calibration,test,20,182159,60423,121736,0.778957605362,0.778957605362,0.778957605362,2577,0.0426493222779,1419,0.0234844347351,10180,0.168478890489,7174,0.118729622826,17720,20678,394,0.00652069576155,187,0.00309484798835,11284,0.0926923835184,13435,0.110361766445,45971,0.252367437239,0.329267656821,0.0321220873218,0.0392788836744,9602,0.052712190998,3322,0.0182368150901,6280,0.0344753759079,110846,0.608512343612,108488,0.595567608518,0
survface,arcface-7972a704552df378345f,20260803-R001-33efcd08,population-8cf1a0037c25d80a20f282c3,origin-embedding-4a96b07230aa31c5098535d1,pq,pq_512_m64_b8,463341,512,512,True,reconstruction,0.000431831839546,0.000624699008411,0.486833788145,0.600442888036,0.882300955239,0.825085460577,0,64,524288,faiss_centroids,step4_search_space_refresh,validation_required,True,qmul-survface-v1-training-derived-3000-watchlist-calibration-v2,pq_reconstruction_cosine,cosine_similarity,cosine_similarity,True,True,1,time.perf_counter,,,,37099.567,36254.3113,0.19902563859,5024.47828874,3000,2048,6144000,716288,238.762666667,frozen_origin,calibration,test,20,182159,60423,121736,0.778957605362,0.778957605362,0.778957605362,2577,0.0426493222779,2102,0.0347880773877,10180,0.168478890489,9104,0.150671102064,17720,6110,394,0.00652069576155,68,0.00112539926849,11284,0.0926923835184,3983,0.0327183413288,73469,0.403323470155,0.452558488672,-0.0115654771312,0.0265794005434,11690,0.0641747045164,11650,0.0639551161348,40,0.000219588381579,110846,0.608512343612,117821,0.64680306765,0
survface,arcface-7972a704552df378345f,20260803-R001-33efcd08,population-8cf1a0037c25d80a20f282c3,origin-embedding-4a96b07230aa31c5098535d1,pq,pq_512_m128_b8,463341,512,512,True,reconstruction,0.000135794897343,0.000198861827659,0.264906349541,0.323733228976,0.964693725779,0.948054457073,0,128,524288,faiss_centroids,step4_search_space_refresh,validation_required,True,qmul-survface-v1-training-derived-3000-watchlist-calibration-v2,pq_reconstruction_cosine,cosine_similarity,cosine_similarity,True,True,1,time.perf_counter,,,,36537.1108,36164.5914,0.1985331024,5036.94340094,3000,2048,6144000,908288,302.762666667,frozen_origin,calibration,test,20,182159,60423,121736,0.778957605362,0.778957605362,0.778957605362,2577,0.0426493222779,2513,0.0415901229664,10180,0.168478890489,9997,0.165450242457,17720,10739,394,0.00652069576155,228,0.00377339754729,11284,0.0926923835184,6886,0.0565650259578,123816,0.679713876339,0.683221866367,-0.00937555781928,0.0142817403464,7013,0.0384993330003,6997,0.0384114976477,16,8.78353526315e-05,110846,0.608512343612,115078,0.631744794383,0
survface,arcface-7972a704552df378345f,20260803-R001-33efcd08,population-8cf1a0037c25d80a20f282c3,origin-embedding-4a96b07230aa31c5098535d1,pq,pq_512_m8_b8,463341,512,512,True,reconstruction,0.000988592021252,0.00145115549428,0.790010373533,1.03109183324,0.697901938289,0.513882510764,0,8,524288,faiss_centroids,step4_search_space_refresh,validation_required,True,qmul-survface-v1-training-derived-3000-watchlist-calibration-v2,pq_reconstruction_cosine,cosine_similarity,cosine_similarity,True,True,1,time.perf_counter,,,,38439.9072,38112.2194,0.209225014411,4779.5432244,3000,2048,6144000,548288,182.762666667,recalibrated_compressed,calibration,test,20,182159,60423,121736,,0.778957605362,0.901771366596,2577,0.0426493222779,486,0.00804329477186,10180,0.168478890489,4048,0.0669943564537,17720,18103,394,0.00652069576155,53,0.000877149429853,11284,0.0926923835184,11948,0.0981468094894,16919,0.0928803956983,0.159209431666,0.160443498745,0.160512827762,15675,0.0860511970312,7646,0.0419743191388,8029,0.0440768778924,110846,0.608512343612,109841,0.602995185525,0
survface,arcface-7972a704552df378345f,20260803-R001-33efcd08,population-8cf1a0037c25d80a20f282c3,origin-embedding-4a96b07230aa31c5098535d1,pq,pq_512_m16_b8,463341,512,512,True,reconstruction,0.000895439740254,0.0013109228428,0.741808843294,0.955543397128,0.732421827088,0.577165090064,0,16,524288,faiss_centroids,step4_search_space_refresh,validation_required,True,qmul-survface-v1-training-derived-3000-watchlist-calibration-v2,pq_reconstruction_cosine,cosine_similarity,cosine_similarity,True,True,1,time.perf_counter,,,,37039.2923,36699.4962,0.201469574383,4963.5286274,3000,2048,6144000,572288,190.762666667,recalibrated_compressed,calibration,test,20,182159,60423,121736,,0.778957605362,0.844734787941,2577,0.0426493222779,804,0.013306191351,10180,0.168478890489,5369,0.088856892243,17720,18270,394,0.00652069576155,100,0.00165499892425,11284,0.0926923835184,11975,0.0983686009069,29650,0.162769887845,0.236760916081,0.0946165605952,0.0950434511628,12290,0.0674685302401,5870,0.0322245949967,6420,0.0352439352434,110846,0.608512343612,109861,0.603104979716,0
survface,arcface-7972a704552df378345f,20260803-R001-33efcd08,population-8cf1a0037c25d80a20f282c3,origin-embedding-4a96b07230aa31c5098535d1,pq,pq_512_m32_b8,463341,512,512,True,reconstruction,0.000720211565331,0.00104895271266,0.650127546619,0.821460068908,0.792754075992,0.681152957193,0,32,524288,faiss_centroids,step4_search_space_refresh,validation_required,True,qmul-survface-v1-training-derived-3000-watchlist-calibration-v2,pq_reconstruction_cosine,cosine_similarity,cosine_similarity,True,True,1,time.perf_counter,,,,38874.8192,37670.2756,0.206798871316,4835.61633406,3000,2048,6144000,620288,206.762666667,recalibrated_compressed,calibration,test,20,182159,60423,121736,,0.778957605362,0.785760402679,2577,0.0426493222779,1419,0.0234844347351,10180,0.168478890489,7174,0.118729622826,17720,17621,394,0.00652069576155,157,0.00259834831107,11284,0.0926923835184,11437,0.0939492015509,45971,0.252367437239,0.329267656821,0.0321220873218,0.0392788836744,8957,0.049171328345,4528,0.0248574047947,4429,0.0243139235503,110846,0.608512343612,110456,0.606371356892,0
survface,arcface-7972a704552df378345f,20260803-R001-33efcd08,population-8cf1a0037c25d80a20f282c3,origin-embedding-4a96b07230aa31c5098535d1,pq,pq_512_m64_b8,463341,512,512,True,reconstruction,0.000431831839546,0.000624699008411,0.486833788145,0.600442888036,0.882300955239,0.825085460577,0,64,524288,faiss_centroids,step4_search_space_refresh,validation_required,True,qmul-survface-v1-training-derived-3000-watchlist-calibration-v2,pq_reconstruction_cosine,cosine_similarity,cosine_similarity,True,True,1,time.perf_counter,,,,37099.567,36254.3113,0.19902563859,5024.47828874,3000,2048,6144000,716288,238.762666667,recalibrated_compressed,calibration,test,20,182159,60423,121736,,0.778957605362,0.744650423527,2577,0.0426493222779,2102,0.0347880773877,10180,0.168478890489,9104,0.150671102064,17720,17590,394,0.00652069576155,241,0.00398854740744,11284,0.0926923835184,11311,0.0929141749359,73469,0.403323470155,0.452558488672,-0.0115654771312,0.0265794005434,6056,0.033245680971,3093,0.0169796716056,2963,0.0162660093654,110846,0.608512343612,110666,0.607524195895,0
survface,arcface-7972a704552df378345f,20260803-R001-33efcd08,population-8cf1a0037c25d80a20f282c3,origin-embedding-4a96b07230aa31c5098535d1,pq,pq_512_m128_b8,463341,512,512,True,reconstruction,0.000135794897343,0.000198861827659,0.264906349541,0.323733228976,0.964693725779,0.948054457073,0,128,524288,faiss_centroids,step4_search_space_refresh,validation_required,True,qmul-survface-v1-training-derived-3000-watchlist-calibration-v2,pq_reconstruction_cosine,cosine_similarity,cosine_similarity,True,True,1,time.perf_counter,,,,36537.1108,36164.5914,0.1985331024,5036.94340094,3000,2048,6144000,908288,302.762666667,recalibrated_compressed,calibration,test,20,182159,60423,121736,,0.778957605362,0.760961771011,2577,0.0426493222779,2513,0.0415901229664,10180,0.168478890489,9997,0.165450242457,17720,17467,394,0.00652069576155,354,0.00585869619185,11284,0.0926923835184,11167,0.091731287376,123816,0.679713876339,0.683221866367,-0.00937555781928,0.0142817403464,3061,0.0168040009003,1657,0.0090964487069,1404,0.00770755219341,110846,0.608512343612,110923,0.608935051246,0
