dataset,model_uid,run_id,compression_family,compression_profile,search_mode,target_fpir,comparison_role,threshold_policy,threshold,realized_fpir,tpir20,tpir20_retention,closed_set_rank20_recall,target_met_on_test
lfw,adaface-4df25b75e065b0b9ed43,20260811-R001-c2e11ab2,pca,pca_128,pca_direct_cosine,0.01,origin,origin_calibrated,0.427400618792,0.000592417061611,0.970588235294,1,0.985294117647,True
lfw,adaface-4df25b75e065b0b9ed43,20260811-R001-c2e11ab2,pca,pca_128,pca_direct_cosine,0.01,compressed_frozen_threshold,frozen_origin,0.427400618792,0.00118483412322,0.97268907563,1.00216450216,0.985294117647,True
lfw,adaface-4df25b75e065b0b9ed43,20260811-R001-c2e11ab2,pca,pca_128,pca_direct_cosine,0.01,compressed_recalibrated,recalibrated_compressed,0.474152565002,0.000592417061611,0.97268907563,1.00216450216,0.985294117647,True
lfw,adaface-4df25b75e065b0b9ed43,20260811-R001-c2e11ab2,pca,pca_128,pca_direct_cosine,0.05,origin,origin_calibrated,0.427400618792,0.000592417061611,0.970588235294,1,0.985294117647,True
lfw,adaface-4df25b75e065b0b9ed43,20260811-R001-c2e11ab2,pca,pca_128,pca_direct_cosine,0.05,compressed_frozen_threshold,frozen_origin,0.427400618792,0.00118483412322,0.97268907563,1.00216450216,0.985294117647,True
lfw,adaface-4df25b75e065b0b9ed43,20260811-R001-c2e11ab2,pca,pca_128,pca_direct_cosine,0.05,compressed_recalibrated,recalibrated_compressed,0.474152565002,0.000592417061611,0.97268907563,1.00216450216,0.985294117647,True
lfw,adaface-4df25b75e065b0b9ed43,20260811-R001-c2e11ab2,pca,pca_128,pca_direct_cosine,0.1,origin,origin_calibrated,0.427400618792,0.000592417061611,0.970588235294,1,0.985294117647,True
lfw,adaface-4df25b75e065b0b9ed43,20260811-R001-c2e11ab2,pca,pca_128,pca_direct_cosine,0.1,compressed_frozen_threshold,frozen_origin,0.427400618792,0.00118483412322,0.97268907563,1.00216450216,0.985294117647,True
lfw,adaface-4df25b75e065b0b9ed43,20260811-R001-c2e11ab2,pca,pca_128,pca_direct_cosine,0.1,compressed_recalibrated,recalibrated_compressed,0.474152565002,0.000592417061611,0.97268907563,1.00216450216,0.985294117647,True
lfw,adaface-4df25b75e065b0b9ed43,20260811-R001-c2e11ab2,pca,pca_128,pca_direct_cosine,0.2,origin,origin_calibrated,0.427400618792,0.000592417061611,0.970588235294,1,0.985294117647,True
lfw,adaface-4df25b75e065b0b9ed43,20260811-R001-c2e11ab2,pca,pca_128,pca_direct_cosine,0.2,compressed_frozen_threshold,frozen_origin,0.427400618792,0.00118483412322,0.97268907563,1.00216450216,0.985294117647,True
lfw,adaface-4df25b75e065b0b9ed43,20260811-R001-c2e11ab2,pca,pca_128,pca_direct_cosine,0.2,compressed_recalibrated,recalibrated_compressed,0.474152565002,0.000592417061611,0.97268907563,1.00216450216,0.985294117647,True
lfw,adaface-4df25b75e065b0b9ed43,20260811-R001-c2e11ab2,pca,pca_128,pca_direct_cosine,0.3,origin,origin_calibrated,0.427400618792,0.000592417061611,0.970588235294,1,0.985294117647,True
lfw,adaface-4df25b75e065b0b9ed43,20260811-R001-c2e11ab2,pca,pca_128,pca_direct_cosine,0.3,compressed_frozen_threshold,frozen_origin,0.427400618792,0.00118483412322,0.97268907563,1.00216450216,0.985294117647,True
lfw,adaface-4df25b75e065b0b9ed43,20260811-R001-c2e11ab2,pca,pca_128,pca_direct_cosine,0.3,compressed_recalibrated,recalibrated_compressed,0.474152565002,0.000592417061611,0.97268907563,1.00216450216,0.985294117647,True
lfw,adaface-4df25b75e065b0b9ed43,20260811-R001-c2e11ab2,pca,pca_128,pca_reconstruction_cosine,0.01,origin,origin_calibrated,0.427400618792,0.000592417061611,0.970588235294,1,0.985294117647,True
lfw,adaface-4df25b75e065b0b9ed43,20260811-R001-c2e11ab2,pca,pca_128,pca_reconstruction_cosine,0.01,compressed_frozen_threshold,frozen_origin,0.427400618792,0.00118483412322,0.97268907563,1.00216450216,0.985294117647,True
lfw,adaface-4df25b75e065b0b9ed43,20260811-R001-c2e11ab2,pca,pca_128,pca_reconstruction_cosine,0.01,compressed_recalibrated,recalibrated_compressed,0.471009552479,0.000592417061611,0.97268907563,1.00216450216,0.985294117647,True
lfw,adaface-4df25b75e065b0b9ed43,20260811-R001-c2e11ab2,pca,pca_128,pca_reconstruction_cosine,0.05,origin,origin_calibrated,0.427400618792,0.000592417061611,0.970588235294,1,0.985294117647,True
lfw,adaface-4df25b75e065b0b9ed43,20260811-R001-c2e11ab2,pca,pca_128,pca_reconstruction_cosine,0.05,compressed_frozen_threshold,frozen_origin,0.427400618792,0.00118483412322,0.97268907563,1.00216450216,0.985294117647,True
lfw,adaface-4df25b75e065b0b9ed43,20260811-R001-c2e11ab2,pca,pca_128,pca_reconstruction_cosine,0.05,compressed_recalibrated,recalibrated_compressed,0.471009552479,0.000592417061611,0.97268907563,1.00216450216,0.985294117647,True
lfw,adaface-4df25b75e065b0b9ed43,20260811-R001-c2e11ab2,pca,pca_128,pca_reconstruction_cosine,0.1,origin,origin_calibrated,0.427400618792,0.000592417061611,0.970588235294,1,0.985294117647,True
lfw,adaface-4df25b75e065b0b9ed43,20260811-R001-c2e11ab2,pca,pca_128,pca_reconstruction_cosine,0.1,compressed_frozen_threshold,frozen_origin,0.427400618792,0.00118483412322,0.97268907563,1.00216450216,0.985294117647,True
lfw,adaface-4df25b75e065b0b9ed43,20260811-R001-c2e11ab2,pca,pca_128,pca_reconstruction_cosine,0.1,compressed_recalibrated,recalibrated_compressed,0.471009552479,0.000592417061611,0.97268907563,1.00216450216,0.985294117647,True
lfw,adaface-4df25b75e065b0b9ed43,20260811-R001-c2e11ab2,pca,pca_128,pca_reconstruction_cosine,0.2,origin,origin_calibrated,0.427400618792,0.000592417061611,0.970588235294,1,0.985294117647,True
lfw,adaface-4df25b75e065b0b9ed43,20260811-R001-c2e11ab2,pca,pca_128,pca_reconstruction_cosine,0.2,compressed_frozen_threshold,frozen_origin,0.427400618792,0.00118483412322,0.97268907563,1.00216450216,0.985294117647,True
lfw,adaface-4df25b75e065b0b9ed43,20260811-R001-c2e11ab2,pca,pca_128,pca_reconstruction_cosine,0.2,compressed_recalibrated,recalibrated_compressed,0.471009552479,0.000592417061611,0.97268907563,1.00216450216,0.985294117647,True
lfw,adaface-4df25b75e065b0b9ed43,20260811-R001-c2e11ab2,pca,pca_128,pca_reconstruction_cosine,0.3,origin,origin_calibrated,0.427400618792,0.000592417061611,0.970588235294,1,0.985294117647,True
lfw,adaface-4df25b75e065b0b9ed43,20260811-R001-c2e11ab2,pca,pca_128,pca_reconstruction_cosine,0.3,compressed_frozen_threshold,frozen_origin,0.427400618792,0.00118483412322,0.97268907563,1.00216450216,0.985294117647,True
lfw,adaface-4df25b75e065b0b9ed43,20260811-R001-c2e11ab2,pca,pca_128,pca_reconstruction_cosine,0.3,compressed_recalibrated,recalibrated_compressed,0.471009552479,0.000592417061611,0.97268907563,1.00216450216,0.985294117647,True
lfw,adaface-4df25b75e065b0b9ed43,20260811-R001-c2e11ab2,pca,pca_256,pca_direct_cosine,0.01,origin,origin_calibrated,0.427400618792,0.000592417061611,0.970588235294,1,0.985294117647,True
lfw,adaface-4df25b75e065b0b9ed43,20260811-R001-c2e11ab2,pca,pca_256,pca_direct_cosine,0.01,compressed_frozen_threshold,frozen_origin,0.427400618792,0.000592417061611,0.97268907563,1.00216450216,0.985294117647,True
lfw,adaface-4df25b75e065b0b9ed43,20260811-R001-c2e11ab2,pca,pca_256,pca_direct_cosine,0.01,compressed_recalibrated,recalibrated_compressed,0.414250344038,0.000592417061611,0.97268907563,1.00216450216,0.985294117647,True
lfw,adaface-4df25b75e065b0b9ed43,20260811-R001-c2e11ab2,pca,pca_256,pca_direct_cosine,0.05,origin,origin_calibrated,0.427400618792,0.000592417061611,0.970588235294,1,0.985294117647,True
lfw,adaface-4df25b75e065b0b9ed43,20260811-R001-c2e11ab2,pca,pca_256,pca_direct_cosine,0.05,compressed_frozen_threshold,frozen_origin,0.427400618792,0.000592417061611,0.97268907563,1.00216450216,0.985294117647,True
lfw,adaface-4df25b75e065b0b9ed43,20260811-R001-c2e11ab2,pca,pca_256,pca_direct_cosine,0.05,compressed_recalibrated,recalibrated_compressed,0.414250344038,0.000592417061611,0.97268907563,1.00216450216,0.985294117647,True
lfw,adaface-4df25b75e065b0b9ed43,20260811-R001-c2e11ab2,pca,pca_256,pca_direct_cosine,0.1,origin,origin_calibrated,0.427400618792,0.000592417061611,0.970588235294,1,0.985294117647,True
lfw,adaface-4df25b75e065b0b9ed43,20260811-R001-c2e11ab2,pca,pca_256,pca_direct_cosine,0.1,compressed_frozen_threshold,frozen_origin,0.427400618792,0.000592417061611,0.97268907563,1.00216450216,0.985294117647,True
lfw,adaface-4df25b75e065b0b9ed43,20260811-R001-c2e11ab2,pca,pca_256,pca_direct_cosine,0.1,compressed_recalibrated,recalibrated_compressed,0.414250344038,0.000592417061611,0.97268907563,1.00216450216,0.985294117647,True
lfw,adaface-4df25b75e065b0b9ed43,20260811-R001-c2e11ab2,pca,pca_256,pca_direct_cosine,0.2,origin,origin_calibrated,0.427400618792,0.000592417061611,0.970588235294,1,0.985294117647,True
lfw,adaface-4df25b75e065b0b9ed43,20260811-R001-c2e11ab2,pca,pca_256,pca_direct_cosine,0.2,compressed_frozen_threshold,frozen_origin,0.427400618792,0.000592417061611,0.97268907563,1.00216450216,0.985294117647,True
lfw,adaface-4df25b75e065b0b9ed43,20260811-R001-c2e11ab2,pca,pca_256,pca_direct_cosine,0.2,compressed_recalibrated,recalibrated_compressed,0.414250344038,0.000592417061611,0.97268907563,1.00216450216,0.985294117647,True
lfw,adaface-4df25b75e065b0b9ed43,20260811-R001-c2e11ab2,pca,pca_256,pca_direct_cosine,0.3,origin,origin_calibrated,0.427400618792,0.000592417061611,0.970588235294,1,0.985294117647,True
lfw,adaface-4df25b75e065b0b9ed43,20260811-R001-c2e11ab2,pca,pca_256,pca_direct_cosine,0.3,compressed_frozen_threshold,frozen_origin,0.427400618792,0.000592417061611,0.97268907563,1.00216450216,0.985294117647,True
lfw,adaface-4df25b75e065b0b9ed43,20260811-R001-c2e11ab2,pca,pca_256,pca_direct_cosine,0.3,compressed_recalibrated,recalibrated_compressed,0.414250344038,0.000592417061611,0.97268907563,1.00216450216,0.985294117647,True
lfw,adaface-4df25b75e065b0b9ed43,20260811-R001-c2e11ab2,pca,pca_256,pca_reconstruction_cosine,0.01,origin,origin_calibrated,0.427400618792,0.000592417061611,0.970588235294,1,0.985294117647,True
lfw,adaface-4df25b75e065b0b9ed43,20260811-R001-c2e11ab2,pca,pca_256,pca_reconstruction_cosine,0.01,compressed_frozen_threshold,frozen_origin,0.427400618792,0.000592417061611,0.97268907563,1.00216450216,0.985294117647,True
lfw,adaface-4df25b75e065b0b9ed43,20260811-R001-c2e11ab2,pca,pca_256,pca_reconstruction_cosine,0.01,compressed_recalibrated,recalibrated_compressed,0.412185072899,0.000592417061611,0.97268907563,1.00216450216,0.985294117647,True
lfw,adaface-4df25b75e065b0b9ed43,20260811-R001-c2e11ab2,pca,pca_256,pca_reconstruction_cosine,0.05,origin,origin_calibrated,0.427400618792,0.000592417061611,0.970588235294,1,0.985294117647,True
lfw,adaface-4df25b75e065b0b9ed43,20260811-R001-c2e11ab2,pca,pca_256,pca_reconstruction_cosine,0.05,compressed_frozen_threshold,frozen_origin,0.427400618792,0.000592417061611,0.97268907563,1.00216450216,0.985294117647,True
lfw,adaface-4df25b75e065b0b9ed43,20260811-R001-c2e11ab2,pca,pca_256,pca_reconstruction_cosine,0.05,compressed_recalibrated,recalibrated_compressed,0.412185072899,0.000592417061611,0.97268907563,1.00216450216,0.985294117647,True
lfw,adaface-4df25b75e065b0b9ed43,20260811-R001-c2e11ab2,pca,pca_256,pca_reconstruction_cosine,0.1,origin,origin_calibrated,0.427400618792,0.000592417061611,0.970588235294,1,0.985294117647,True
lfw,adaface-4df25b75e065b0b9ed43,20260811-R001-c2e11ab2,pca,pca_256,pca_reconstruction_cosine,0.1,compressed_frozen_threshold,frozen_origin,0.427400618792,0.000592417061611,0.97268907563,1.00216450216,0.985294117647,True
lfw,adaface-4df25b75e065b0b9ed43,20260811-R001-c2e11ab2,pca,pca_256,pca_reconstruction_cosine,0.1,compressed_recalibrated,recalibrated_compressed,0.412185072899,0.000592417061611,0.97268907563,1.00216450216,0.985294117647,True
lfw,adaface-4df25b75e065b0b9ed43,20260811-R001-c2e11ab2,pca,pca_256,pca_reconstruction_cosine,0.2,origin,origin_calibrated,0.427400618792,0.000592417061611,0.970588235294,1,0.985294117647,True
lfw,adaface-4df25b75e065b0b9ed43,20260811-R001-c2e11ab2,pca,pca_256,pca_reconstruction_cosine,0.2,compressed_frozen_threshold,frozen_origin,0.427400618792,0.000592417061611,0.97268907563,1.00216450216,0.985294117647,True
lfw,adaface-4df25b75e065b0b9ed43,20260811-R001-c2e11ab2,pca,pca_256,pca_reconstruction_cosine,0.2,compressed_recalibrated,recalibrated_compressed,0.412185072899,0.000592417061611,0.97268907563,1.00216450216,0.985294117647,True
lfw,adaface-4df25b75e065b0b9ed43,20260811-R001-c2e11ab2,pca,pca_256,pca_reconstruction_cosine,0.3,origin,origin_calibrated,0.427400618792,0.000592417061611,0.970588235294,1,0.985294117647,True
lfw,adaface-4df25b75e065b0b9ed43,20260811-R001-c2e11ab2,pca,pca_256,pca_reconstruction_cosine,0.3,compressed_frozen_threshold,frozen_origin,0.427400618792,0.000592417061611,0.97268907563,1.00216450216,0.985294117647,True
lfw,adaface-4df25b75e065b0b9ed43,20260811-R001-c2e11ab2,pca,pca_256,pca_reconstruction_cosine,0.3,compressed_recalibrated,recalibrated_compressed,0.412185072899,0.000592417061611,0.97268907563,1.00216450216,0.985294117647,True
lfw,adaface-4df25b75e065b0b9ed43,20260811-R001-c2e11ab2,pca,pca_32,pca_direct_cosine,0.01,origin,origin_calibrated,0.427400618792,0.000592417061611,0.970588235294,1,0.985294117647,True
lfw,adaface-4df25b75e065b0b9ed43,20260811-R001-c2e11ab2,pca,pca_32,pca_direct_cosine,0.01,compressed_frozen_threshold,frozen_origin,0.427400618792,0.348933649289,0.966386554622,0.995670995671,0.989495798319,False
lfw,adaface-4df25b75e065b0b9ed43,20260811-R001-c2e11ab2,pca,pca_32,pca_direct_cosine,0.01,compressed_recalibrated,recalibrated_compressed,0.607602000237,0.00651658767773,0.924369747899,0.952380952381,0.989495798319,True
lfw,adaface-4df25b75e065b0b9ed43,20260811-R001-c2e11ab2,pca,pca_32,pca_direct_cosine,0.05,origin,origin_calibrated,0.427400618792,0.000592417061611,0.970588235294,1,0.985294117647,True
lfw,adaface-4df25b75e065b0b9ed43,20260811-R001-c2e11ab2,pca,pca_32,pca_direct_cosine,0.05,compressed_frozen_threshold,frozen_origin,0.427400618792,0.348933649289,0.966386554622,0.995670995671,0.989495798319,False
lfw,adaface-4df25b75e065b0b9ed43,20260811-R001-c2e11ab2,pca,pca_32,pca_direct_cosine,0.05,compressed_recalibrated,recalibrated_compressed,0.540350675583,0.0414691943128,0.96218487395,0.991341991342,0.989495798319,True
lfw,adaface-4df25b75e065b0b9ed43,20260811-R001-c2e11ab2,pca,pca_32,pca_direct_cosine,0.1,origin,origin_calibrated,0.427400618792,0.000592417061611,0.970588235294,1,0.985294117647,True
lfw,adaface-4df25b75e065b0b9ed43,20260811-R001-c2e11ab2,pca,pca_32,pca_direct_cosine,0.1,compressed_frozen_threshold,frozen_origin,0.427400618792,0.348933649289,0.966386554622,0.995670995671,0.989495798319,False
lfw,adaface-4df25b75e065b0b9ed43,20260811-R001-c2e11ab2,pca,pca_32,pca_direct_cosine,0.1,compressed_recalibrated,recalibrated_compressed,0.456296086311,0.224526066351,0.966386554622,0.995670995671,0.989495798319,False
lfw,adaface-4df25b75e065b0b9ed43,20260811-R001-c2e11ab2,pca,pca_32,pca_direct_cosine,0.2,origin,origin_calibrated,0.427400618792,0.000592417061611,0.970588235294,1,0.985294117647,True
lfw,adaface-4df25b75e065b0b9ed43,20260811-R001-c2e11ab2,pca,pca_32,pca_direct_cosine,0.2,compressed_frozen_threshold,frozen_origin,0.427400618792,0.348933649289,0.966386554622,0.995670995671,0.989495798319,False
lfw,adaface-4df25b75e065b0b9ed43,20260811-R001-c2e11ab2,pca,pca_32,pca_direct_cosine,0.2,compressed_recalibrated,recalibrated_compressed,0.456296086311,0.224526066351,0.966386554622,0.995670995671,0.989495798319,False
lfw,adaface-4df25b75e065b0b9ed43,20260811-R001-c2e11ab2,pca,pca_32,pca_direct_cosine,0.3,origin,origin_calibrated,0.427400618792,0.000592417061611,0.970588235294,1,0.985294117647,True
lfw,adaface-4df25b75e065b0b9ed43,20260811-R001-c2e11ab2,pca,pca_32,pca_direct_cosine,0.3,compressed_frozen_threshold,frozen_origin,0.427400618792,0.348933649289,0.966386554622,0.995670995671,0.989495798319,False
lfw,adaface-4df25b75e065b0b9ed43,20260811-R001-c2e11ab2,pca,pca_32,pca_direct_cosine,0.3,compressed_recalibrated,recalibrated_compressed,0.456296086311,0.224526066351,0.966386554622,0.995670995671,0.989495798319,True
lfw,adaface-4df25b75e065b0b9ed43,20260811-R001-c2e11ab2,pca,pca_32,pca_reconstruction_cosine,0.01,origin,origin_calibrated,0.427400618792,0.000592417061611,0.970588235294,1,0.985294117647,True
lfw,adaface-4df25b75e065b0b9ed43,20260811-R001-c2e11ab2,pca,pca_32,pca_reconstruction_cosine,0.01,compressed_frozen_threshold,frozen_origin,0.427400618792,0.383886255924,0.970588235294,1,0.989495798319,False
lfw,adaface-4df25b75e065b0b9ed43,20260811-R001-c2e11ab2,pca,pca_32,pca_reconstruction_cosine,0.01,compressed_recalibrated,recalibrated_compressed,0.607470750809,0.00829383886256,0.930672268908,0.958874458874,0.989495798319,True
lfw,adaface-4df25b75e065b0b9ed43,20260811-R001-c2e11ab2,pca,pca_32,pca_reconstruction_cosine,0.05,origin,origin_calibrated,0.427400618792,0.000592417061611,0.970588235294,1,0.985294117647,True
lfw,adaface-4df25b75e065b0b9ed43,20260811-R001-c2e11ab2,pca,pca_32,pca_reconstruction_cosine,0.05,compressed_frozen_threshold,frozen_origin,0.427400618792,0.383886255924,0.970588235294,1,0.989495798319,False
lfw,adaface-4df25b75e065b0b9ed43,20260811-R001-c2e11ab2,pca,pca_32,pca_reconstruction_cosine,0.05,compressed_recalibrated,recalibrated_compressed,0.555257856846,0.0349526066351,0.955882352941,0.984848484848,0.989495798319,True
lfw,adaface-4df25b75e065b0b9ed43,20260811-R001-c2e11ab2,pca,pca_32,pca_reconstruction_cosine,0.1,origin,origin_calibrated,0.427400618792,0.000592417061611,0.970588235294,1,0.985294117647,True
lfw,adaface-4df25b75e065b0b9ed43,20260811-R001-c2e11ab2,pca,pca_32,pca_reconstruction_cosine,0.1,compressed_frozen_threshold,frozen_origin,0.427400618792,0.383886255924,0.970588235294,1,0.989495798319,False
lfw,adaface-4df25b75e065b0b9ed43,20260811-R001-c2e11ab2,pca,pca_32,pca_reconstruction_cosine,0.1,compressed_recalibrated,recalibrated_compressed,0.486807346344,0.148696682464,0.966386554622,0.995670995671,0.989495798319,False
lfw,adaface-4df25b75e065b0b9ed43,20260811-R001-c2e11ab2,pca,pca_32,pca_reconstruction_cosine,0.2,origin,origin_calibrated,0.427400618792,0.000592417061611,0.970588235294,1,0.985294117647,True
lfw,adaface-4df25b75e065b0b9ed43,20260811-R001-c2e11ab2,pca,pca_32,pca_reconstruction_cosine,0.2,compressed_frozen_threshold,frozen_origin,0.427400618792,0.383886255924,0.970588235294,1,0.989495798319,False
lfw,adaface-4df25b75e065b0b9ed43,20260811-R001-c2e11ab2,pca,pca_32,pca_reconstruction_cosine,0.2,compressed_recalibrated,recalibrated_compressed,0.454051285982,0.258886255924,0.968487394958,0.997835497835,0.989495798319,False
lfw,adaface-4df25b75e065b0b9ed43,20260811-R001-c2e11ab2,pca,pca_32,pca_reconstruction_cosine,0.3,origin,origin_calibrated,0.427400618792,0.000592417061611,0.970588235294,1,0.985294117647,True
lfw,adaface-4df25b75e065b0b9ed43,20260811-R001-c2e11ab2,pca,pca_32,pca_reconstruction_cosine,0.3,compressed_frozen_threshold,frozen_origin,0.427400618792,0.383886255924,0.970588235294,1,0.989495798319,False
lfw,adaface-4df25b75e065b0b9ed43,20260811-R001-c2e11ab2,pca,pca_32,pca_reconstruction_cosine,0.3,compressed_recalibrated,recalibrated_compressed,0.454051285982,0.258886255924,0.968487394958,0.997835497835,0.989495798319,True
lfw,adaface-4df25b75e065b0b9ed43,20260811-R001-c2e11ab2,pca,pca_384,pca_direct_cosine,0.01,origin,origin_calibrated,0.427400618792,0.000592417061611,0.970588235294,1,0.985294117647,True
lfw,adaface-4df25b75e065b0b9ed43,20260811-R001-c2e11ab2,pca,pca_384,pca_direct_cosine,0.01,compressed_frozen_threshold,frozen_origin,0.427400618792,0.000592417061611,0.97268907563,1.00216450216,0.985294117647,True
lfw,adaface-4df25b75e065b0b9ed43,20260811-R001-c2e11ab2,pca,pca_384,pca_direct_cosine,0.01,compressed_recalibrated,recalibrated_compressed,0.428458601236,0.000592417061611,0.97268907563,1.00216450216,0.985294117647,True
lfw,adaface-4df25b75e065b0b9ed43,20260811-R001-c2e11ab2,pca,pca_384,pca_direct_cosine,0.05,origin,origin_calibrated,0.427400618792,0.000592417061611,0.970588235294,1,0.985294117647,True
lfw,adaface-4df25b75e065b0b9ed43,20260811-R001-c2e11ab2,pca,pca_384,pca_direct_cosine,0.05,compressed_frozen_threshold,frozen_origin,0.427400618792,0.000592417061611,0.97268907563,1.00216450216,0.985294117647,True
lfw,adaface-4df25b75e065b0b9ed43,20260811-R001-c2e11ab2,pca,pca_384,pca_direct_cosine,0.05,compressed_recalibrated,recalibrated_compressed,0.428458601236,0.000592417061611,0.97268907563,1.00216450216,0.985294117647,True
lfw,adaface-4df25b75e065b0b9ed43,20260811-R001-c2e11ab2,pca,pca_384,pca_direct_cosine,0.1,origin,origin_calibrated,0.427400618792,0.000592417061611,0.970588235294,1,0.985294117647,True
lfw,adaface-4df25b75e065b0b9ed43,20260811-R001-c2e11ab2,pca,pca_384,pca_direct_cosine,0.1,compressed_frozen_threshold,frozen_origin,0.427400618792,0.000592417061611,0.97268907563,1.00216450216,0.985294117647,True
lfw,adaface-4df25b75e065b0b9ed43,20260811-R001-c2e11ab2,pca,pca_384,pca_direct_cosine,0.1,compressed_recalibrated,recalibrated_compressed,0.428458601236,0.000592417061611,0.97268907563,1.00216450216,0.985294117647,True
lfw,adaface-4df25b75e065b0b9ed43,20260811-R001-c2e11ab2,pca,pca_384,pca_direct_cosine,0.2,origin,origin_calibrated,0.427400618792,0.000592417061611,0.970588235294,1,0.985294117647,True
lfw,adaface-4df25b75e065b0b9ed43,20260811-R001-c2e11ab2,pca,pca_384,pca_direct_cosine,0.2,compressed_frozen_threshold,frozen_origin,0.427400618792,0.000592417061611,0.97268907563,1.00216450216,0.985294117647,True
lfw,adaface-4df25b75e065b0b9ed43,20260811-R001-c2e11ab2,pca,pca_384,pca_direct_cosine,0.2,compressed_recalibrated,recalibrated_compressed,0.428458601236,0.000592417061611,0.97268907563,1.00216450216,0.985294117647,True
lfw,adaface-4df25b75e065b0b9ed43,20260811-R001-c2e11ab2,pca,pca_384,pca_direct_cosine,0.3,origin,origin_calibrated,0.427400618792,0.000592417061611,0.970588235294,1,0.985294117647,True
lfw,adaface-4df25b75e065b0b9ed43,20260811-R001-c2e11ab2,pca,pca_384,pca_direct_cosine,0.3,compressed_frozen_threshold,frozen_origin,0.427400618792,0.000592417061611,0.97268907563,1.00216450216,0.985294117647,True
lfw,adaface-4df25b75e065b0b9ed43,20260811-R001-c2e11ab2,pca,pca_384,pca_direct_cosine,0.3,compressed_recalibrated,recalibrated_compressed,0.428458601236,0.000592417061611,0.97268907563,1.00216450216,0.985294117647,True
lfw,adaface-4df25b75e065b0b9ed43,20260811-R001-c2e11ab2,pca,pca_384,pca_reconstruction_cosine,0.01,origin,origin_calibrated,0.427400618792,0.000592417061611,0.970588235294,1,0.985294117647,True
lfw,adaface-4df25b75e065b0b9ed43,20260811-R001-c2e11ab2,pca,pca_384,pca_reconstruction_cosine,0.01,compressed_frozen_threshold,frozen_origin,0.427400618792,0.000592417061611,0.970588235294,1,0.985294117647,True
lfw,adaface-4df25b75e065b0b9ed43,20260811-R001-c2e11ab2,pca,pca_384,pca_reconstruction_cosine,0.01,compressed_recalibrated,recalibrated_compressed,0.427415370941,0.000592417061611,0.970588235294,1,0.985294117647,True
lfw,adaface-4df25b75e065b0b9ed43,20260811-R001-c2e11ab2,pca,pca_384,pca_reconstruction_cosine,0.05,origin,origin_calibrated,0.427400618792,0.000592417061611,0.970588235294,1,0.985294117647,True
lfw,adaface-4df25b75e065b0b9ed43,20260811-R001-c2e11ab2,pca,pca_384,pca_reconstruction_cosine,0.05,compressed_frozen_threshold,frozen_origin,0.427400618792,0.000592417061611,0.970588235294,1,0.985294117647,True
lfw,adaface-4df25b75e065b0b9ed43,20260811-R001-c2e11ab2,pca,pca_384,pca_reconstruction_cosine,0.05,compressed_recalibrated,recalibrated_compressed,0.427415370941,0.000592417061611,0.970588235294,1,0.985294117647,True
lfw,adaface-4df25b75e065b0b9ed43,20260811-R001-c2e11ab2,pca,pca_384,pca_reconstruction_cosine,0.1,origin,origin_calibrated,0.427400618792,0.000592417061611,0.970588235294,1,0.985294117647,True
lfw,adaface-4df25b75e065b0b9ed43,20260811-R001-c2e11ab2,pca,pca_384,pca_reconstruction_cosine,0.1,compressed_frozen_threshold,frozen_origin,0.427400618792,0.000592417061611,0.970588235294,1,0.985294117647,True
lfw,adaface-4df25b75e065b0b9ed43,20260811-R001-c2e11ab2,pca,pca_384,pca_reconstruction_cosine,0.1,compressed_recalibrated,recalibrated_compressed,0.427415370941,0.000592417061611,0.970588235294,1,0.985294117647,True
lfw,adaface-4df25b75e065b0b9ed43,20260811-R001-c2e11ab2,pca,pca_384,pca_reconstruction_cosine,0.2,origin,origin_calibrated,0.427400618792,0.000592417061611,0.970588235294,1,0.985294117647,True
lfw,adaface-4df25b75e065b0b9ed43,20260811-R001-c2e11ab2,pca,pca_384,pca_reconstruction_cosine,0.2,compressed_frozen_threshold,frozen_origin,0.427400618792,0.000592417061611,0.970588235294,1,0.985294117647,True
lfw,adaface-4df25b75e065b0b9ed43,20260811-R001-c2e11ab2,pca,pca_384,pca_reconstruction_cosine,0.2,compressed_recalibrated,recalibrated_compressed,0.427415370941,0.000592417061611,0.970588235294,1,0.985294117647,True
lfw,adaface-4df25b75e065b0b9ed43,20260811-R001-c2e11ab2,pca,pca_384,pca_reconstruction_cosine,0.3,origin,origin_calibrated,0.427400618792,0.000592417061611,0.970588235294,1,0.985294117647,True
lfw,adaface-4df25b75e065b0b9ed43,20260811-R001-c2e11ab2,pca,pca_384,pca_reconstruction_cosine,0.3,compressed_frozen_threshold,frozen_origin,0.427400618792,0.000592417061611,0.970588235294,1,0.985294117647,True
lfw,adaface-4df25b75e065b0b9ed43,20260811-R001-c2e11ab2,pca,pca_384,pca_reconstruction_cosine,0.3,compressed_recalibrated,recalibrated_compressed,0.427415370941,0.000592417061611,0.970588235294,1,0.985294117647,True
lfw,adaface-4df25b75e065b0b9ed43,20260811-R001-c2e11ab2,pca,pca_64,pca_direct_cosine,0.01,origin,origin_calibrated,0.427400618792,0.000592417061611,0.970588235294,1,0.985294117647,True
lfw,adaface-4df25b75e065b0b9ed43,20260811-R001-c2e11ab2,pca,pca_64,pca_direct_cosine,0.01,compressed_frozen_threshold,frozen_origin,0.427400618792,0.0159952606635,0.97268907563,1.00216450216,0.985294117647,False
lfw,adaface-4df25b75e065b0b9ed43,20260811-R001-c2e11ab2,pca,pca_64,pca_direct_cosine,0.01,compressed_recalibrated,recalibrated_compressed,0.465032041073,0.00355450236967,0.970588235294,1,0.985294117647,True
lfw,adaface-4df25b75e065b0b9ed43,20260811-R001-c2e11ab2,pca,pca_64,pca_direct_cosine,0.05,origin,origin_calibrated,0.427400618792,0.000592417061611,0.970588235294,1,0.985294117647,True
lfw,adaface-4df25b75e065b0b9ed43,20260811-R001-c2e11ab2,pca,pca_64,pca_direct_cosine,0.05,compressed_frozen_threshold,frozen_origin,0.427400618792,0.0159952606635,0.97268907563,1.00216450216,0.985294117647,True
lfw,adaface-4df25b75e065b0b9ed43,20260811-R001-c2e11ab2,pca,pca_64,pca_direct_cosine,0.05,compressed_recalibrated,recalibrated_compressed,0.465032041073,0.00355450236967,0.970588235294,1,0.985294117647,True
lfw,adaface-4df25b75e065b0b9ed43,20260811-R001-c2e11ab2,pca,pca_64,pca_direct_cosine,0.1,origin,origin_calibrated,0.427400618792,0.000592417061611,0.970588235294,1,0.985294117647,True
lfw,adaface-4df25b75e065b0b9ed43,20260811-R001-c2e11ab2,pca,pca_64,pca_direct_cosine,0.1,compressed_frozen_threshold,frozen_origin,0.427400618792,0.0159952606635,0.97268907563,1.00216450216,0.985294117647,True
lfw,adaface-4df25b75e065b0b9ed43,20260811-R001-c2e11ab2,pca,pca_64,pca_direct_cosine,0.1,compressed_recalibrated,recalibrated_compressed,0.465032041073,0.00355450236967,0.970588235294,1,0.985294117647,True
lfw,adaface-4df25b75e065b0b9ed43,20260811-R001-c2e11ab2,pca,pca_64,pca_direct_cosine,0.2,origin,origin_calibrated,0.427400618792,0.000592417061611,0.970588235294,1,0.985294117647,True
lfw,adaface-4df25b75e065b0b9ed43,20260811-R001-c2e11ab2,pca,pca_64,pca_direct_cosine,0.2,compressed_frozen_threshold,frozen_origin,0.427400618792,0.0159952606635,0.97268907563,1.00216450216,0.985294117647,True
lfw,adaface-4df25b75e065b0b9ed43,20260811-R001-c2e11ab2,pca,pca_64,pca_direct_cosine,0.2,compressed_recalibrated,recalibrated_compressed,0.465032041073,0.00355450236967,0.970588235294,1,0.985294117647,True
lfw,adaface-4df25b75e065b0b9ed43,20260811-R001-c2e11ab2,pca,pca_64,pca_direct_cosine,0.3,origin,origin_calibrated,0.427400618792,0.000592417061611,0.970588235294,1,0.985294117647,True
lfw,adaface-4df25b75e065b0b9ed43,20260811-R001-c2e11ab2,pca,pca_64,pca_direct_cosine,0.3,compressed_frozen_threshold,frozen_origin,0.427400618792,0.0159952606635,0.97268907563,1.00216450216,0.985294117647,True
lfw,adaface-4df25b75e065b0b9ed43,20260811-R001-c2e11ab2,pca,pca_64,pca_direct_cosine,0.3,compressed_recalibrated,recalibrated_compressed,0.465032041073,0.00355450236967,0.970588235294,1,0.985294117647,True
lfw,adaface-4df25b75e065b0b9ed43,20260811-R001-c2e11ab2,pca,pca_64,pca_reconstruction_cosine,0.01,origin,origin_calibrated,0.427400618792,0.000592417061611,0.970588235294,1,0.985294117647,True
lfw,adaface-4df25b75e065b0b9ed43,20260811-R001-c2e11ab2,pca,pca_64,pca_reconstruction_cosine,0.01,compressed_frozen_threshold,frozen_origin,0.427400618792,0.0148104265403,0.97268907563,1.00216450216,0.985294117647,False
lfw,adaface-4df25b75e065b0b9ed43,20260811-R001-c2e11ab2,pca,pca_64,pca_reconstruction_cosine,0.01,compressed_recalibrated,recalibrated_compressed,0.468291521072,0.00414691943128,0.970588235294,1,0.985294117647,True
lfw,adaface-4df25b75e065b0b9ed43,20260811-R001-c2e11ab2,pca,pca_64,pca_reconstruction_cosine,0.05,origin,origin_calibrated,0.427400618792,0.000592417061611,0.970588235294,1,0.985294117647,True
lfw,adaface-4df25b75e065b0b9ed43,20260811-R001-c2e11ab2,pca,pca_64,pca_reconstruction_cosine,0.05,compressed_frozen_threshold,frozen_origin,0.427400618792,0.0148104265403,0.97268907563,1.00216450216,0.985294117647,True
lfw,adaface-4df25b75e065b0b9ed43,20260811-R001-c2e11ab2,pca,pca_64,pca_reconstruction_cosine,0.05,compressed_recalibrated,recalibrated_compressed,0.468291521072,0.00414691943128,0.970588235294,1,0.985294117647,True
lfw,adaface-4df25b75e065b0b9ed43,20260811-R001-c2e11ab2,pca,pca_64,pca_reconstruction_cosine,0.1,origin,origin_calibrated,0.427400618792,0.000592417061611,0.970588235294,1,0.985294117647,True
lfw,adaface-4df25b75e065b0b9ed43,20260811-R001-c2e11ab2,pca,pca_64,pca_reconstruction_cosine,0.1,compressed_frozen_threshold,frozen_origin,0.427400618792,0.0148104265403,0.97268907563,1.00216450216,0.985294117647,True
lfw,adaface-4df25b75e065b0b9ed43,20260811-R001-c2e11ab2,pca,pca_64,pca_reconstruction_cosine,0.1,compressed_recalibrated,recalibrated_compressed,0.468291521072,0.00414691943128,0.970588235294,1,0.985294117647,True
lfw,adaface-4df25b75e065b0b9ed43,20260811-R001-c2e11ab2,pca,pca_64,pca_reconstruction_cosine,0.2,origin,origin_calibrated,0.427400618792,0.000592417061611,0.970588235294,1,0.985294117647,True
lfw,adaface-4df25b75e065b0b9ed43,20260811-R001-c2e11ab2,pca,pca_64,pca_reconstruction_cosine,0.2,compressed_frozen_threshold,frozen_origin,0.427400618792,0.0148104265403,0.97268907563,1.00216450216,0.985294117647,True
lfw,adaface-4df25b75e065b0b9ed43,20260811-R001-c2e11ab2,pca,pca_64,pca_reconstruction_cosine,0.2,compressed_recalibrated,recalibrated_compressed,0.468291521072,0.00414691943128,0.970588235294,1,0.985294117647,True
lfw,adaface-4df25b75e065b0b9ed43,20260811-R001-c2e11ab2,pca,pca_64,pca_reconstruction_cosine,0.3,origin,origin_calibrated,0.427400618792,0.000592417061611,0.970588235294,1,0.985294117647,True
lfw,adaface-4df25b75e065b0b9ed43,20260811-R001-c2e11ab2,pca,pca_64,pca_reconstruction_cosine,0.3,compressed_frozen_threshold,frozen_origin,0.427400618792,0.0148104265403,0.97268907563,1.00216450216,0.985294117647,True
lfw,adaface-4df25b75e065b0b9ed43,20260811-R001-c2e11ab2,pca,pca_64,pca_reconstruction_cosine,0.3,compressed_recalibrated,recalibrated_compressed,0.468291521072,0.00414691943128,0.970588235294,1,0.985294117647,True
lfw,adaface-4df25b75e065b0b9ed43,20260811-R001-c2e11ab2,pq,pq_512_m128_b8,pq_adc_exhaustive,0.01,origin,origin_calibrated,0.427400618792,0.000592417061611,0.970588235294,1,0.985294117647,True
lfw,adaface-4df25b75e065b0b9ed43,20260811-R001-c2e11ab2,pq,pq_512_m128_b8,pq_adc_exhaustive,0.01,compressed_recalibrated,recalibrated_compressed,-1.10364460945,0.000592417061611,0.970588235294,1,0.985294117647,True
lfw,adaface-4df25b75e065b0b9ed43,20260811-R001-c2e11ab2,pq,pq_512_m128_b8,pq_adc_exhaustive,0.05,origin,origin_calibrated,0.427400618792,0.000592417061611,0.970588235294,1,0.985294117647,True
lfw,adaface-4df25b75e065b0b9ed43,20260811-R001-c2e11ab2,pq,pq_512_m128_b8,pq_adc_exhaustive,0.05,compressed_recalibrated,recalibrated_compressed,-1.10364460945,0.000592417061611,0.970588235294,1,0.985294117647,True
lfw,adaface-4df25b75e065b0b9ed43,20260811-R001-c2e11ab2,pq,pq_512_m128_b8,pq_adc_exhaustive,0.1,origin,origin_calibrated,0.427400618792,0.000592417061611,0.970588235294,1,0.985294117647,True
lfw,adaface-4df25b75e065b0b9ed43,20260811-R001-c2e11ab2,pq,pq_512_m128_b8,pq_adc_exhaustive,0.1,compressed_recalibrated,recalibrated_compressed,-1.10364460945,0.000592417061611,0.970588235294,1,0.985294117647,True
lfw,adaface-4df25b75e065b0b9ed43,20260811-R001-c2e11ab2,pq,pq_512_m128_b8,pq_adc_exhaustive,0.2,origin,origin_calibrated,0.427400618792,0.000592417061611,0.970588235294,1,0.985294117647,True
lfw,adaface-4df25b75e065b0b9ed43,20260811-R001-c2e11ab2,pq,pq_512_m128_b8,pq_adc_exhaustive,0.2,compressed_recalibrated,recalibrated_compressed,-1.10364460945,0.000592417061611,0.970588235294,1,0.985294117647,True
lfw,adaface-4df25b75e065b0b9ed43,20260811-R001-c2e11ab2,pq,pq_512_m128_b8,pq_adc_exhaustive,0.3,origin,origin_calibrated,0.427400618792,0.000592417061611,0.970588235294,1,0.985294117647,True
lfw,adaface-4df25b75e065b0b9ed43,20260811-R001-c2e11ab2,pq,pq_512_m128_b8,pq_adc_exhaustive,0.3,compressed_recalibrated,recalibrated_compressed,-1.10364460945,0.000592417061611,0.970588235294,1,0.985294117647,True
lfw,adaface-4df25b75e065b0b9ed43,20260811-R001-c2e11ab2,pq,pq_512_m128_b8,pq_reconstruction_cosine,0.01,origin,origin_calibrated,0.427400618792,0.000592417061611,0.970588235294,1,0.985294117647,True
lfw,adaface-4df25b75e065b0b9ed43,20260811-R001-c2e11ab2,pq,pq_512_m128_b8,pq_reconstruction_cosine,0.01,compressed_frozen_threshold,frozen_origin,0.427400618792,0.000592417061611,0.970588235294,1,0.983193277311,True
lfw,adaface-4df25b75e065b0b9ed43,20260811-R001-c2e11ab2,pq,pq_512_m128_b8,pq_reconstruction_cosine,0.01,compressed_recalibrated,recalibrated_compressed,0.394506722689,0.000592417061611,0.97268907563,1.00216450216,0.983193277311,True
lfw,adaface-4df25b75e065b0b9ed43,20260811-R001-c2e11ab2,pq,pq_512_m128_b8,pq_reconstruction_cosine,0.05,origin,origin_calibrated,0.427400618792,0.000592417061611,0.970588235294,1,0.985294117647,True
lfw,adaface-4df25b75e065b0b9ed43,20260811-R001-c2e11ab2,pq,pq_512_m128_b8,pq_reconstruction_cosine,0.05,compressed_frozen_threshold,frozen_origin,0.427400618792,0.000592417061611,0.970588235294,1,0.983193277311,True
lfw,adaface-4df25b75e065b0b9ed43,20260811-R001-c2e11ab2,pq,pq_512_m128_b8,pq_reconstruction_cosine,0.05,compressed_recalibrated,recalibrated_compressed,0.394506722689,0.000592417061611,0.97268907563,1.00216450216,0.983193277311,True
lfw,adaface-4df25b75e065b0b9ed43,20260811-R001-c2e11ab2,pq,pq_512_m128_b8,pq_reconstruction_cosine,0.1,origin,origin_calibrated,0.427400618792,0.000592417061611,0.970588235294,1,0.985294117647,True
lfw,adaface-4df25b75e065b0b9ed43,20260811-R001-c2e11ab2,pq,pq_512_m128_b8,pq_reconstruction_cosine,0.1,compressed_frozen_threshold,frozen_origin,0.427400618792,0.000592417061611,0.970588235294,1,0.983193277311,True
lfw,adaface-4df25b75e065b0b9ed43,20260811-R001-c2e11ab2,pq,pq_512_m128_b8,pq_reconstruction_cosine,0.1,compressed_recalibrated,recalibrated_compressed,0.394506722689,0.000592417061611,0.97268907563,1.00216450216,0.983193277311,True
lfw,adaface-4df25b75e065b0b9ed43,20260811-R001-c2e11ab2,pq,pq_512_m128_b8,pq_reconstruction_cosine,0.2,origin,origin_calibrated,0.427400618792,0.000592417061611,0.970588235294,1,0.985294117647,True
lfw,adaface-4df25b75e065b0b9ed43,20260811-R001-c2e11ab2,pq,pq_512_m128_b8,pq_reconstruction_cosine,0.2,compressed_frozen_threshold,frozen_origin,0.427400618792,0.000592417061611,0.970588235294,1,0.983193277311,True
lfw,adaface-4df25b75e065b0b9ed43,20260811-R001-c2e11ab2,pq,pq_512_m128_b8,pq_reconstruction_cosine,0.2,compressed_recalibrated,recalibrated_compressed,0.394506722689,0.000592417061611,0.97268907563,1.00216450216,0.983193277311,True
lfw,adaface-4df25b75e065b0b9ed43,20260811-R001-c2e11ab2,pq,pq_512_m128_b8,pq_reconstruction_cosine,0.3,origin,origin_calibrated,0.427400618792,0.000592417061611,0.970588235294,1,0.985294117647,True
lfw,adaface-4df25b75e065b0b9ed43,20260811-R001-c2e11ab2,pq,pq_512_m128_b8,pq_reconstruction_cosine,0.3,compressed_frozen_threshold,frozen_origin,0.427400618792,0.000592417061611,0.970588235294,1,0.983193277311,True
lfw,adaface-4df25b75e065b0b9ed43,20260811-R001-c2e11ab2,pq,pq_512_m128_b8,pq_reconstruction_cosine,0.3,compressed_recalibrated,recalibrated_compressed,0.394506722689,0.000592417061611,0.97268907563,1.00216450216,0.983193277311,True
lfw,adaface-4df25b75e065b0b9ed43,20260811-R001-c2e11ab2,pq,pq_512_m16_b8,pq_adc_exhaustive,0.01,origin,origin_calibrated,0.427400618792,0.000592417061611,0.970588235294,1,0.985294117647,True
lfw,adaface-4df25b75e065b0b9ed43,20260811-R001-c2e11ab2,pq,pq_512_m16_b8,pq_adc_exhaustive,0.01,compressed_recalibrated,recalibrated_compressed,-1.08209264278,0.000592417061611,0.97268907563,1.00216450216,0.983193277311,True
lfw,adaface-4df25b75e065b0b9ed43,20260811-R001-c2e11ab2,pq,pq_512_m16_b8,pq_adc_exhaustive,0.05,origin,origin_calibrated,0.427400618792,0.000592417061611,0.970588235294,1,0.985294117647,True
lfw,adaface-4df25b75e065b0b9ed43,20260811-R001-c2e11ab2,pq,pq_512_m16_b8,pq_adc_exhaustive,0.05,compressed_recalibrated,recalibrated_compressed,-1.08209264278,0.000592417061611,0.97268907563,1.00216450216,0.983193277311,True
lfw,adaface-4df25b75e065b0b9ed43,20260811-R001-c2e11ab2,pq,pq_512_m16_b8,pq_adc_exhaustive,0.1,origin,origin_calibrated,0.427400618792,0.000592417061611,0.970588235294,1,0.985294117647,True
lfw,adaface-4df25b75e065b0b9ed43,20260811-R001-c2e11ab2,pq,pq_512_m16_b8,pq_adc_exhaustive,0.1,compressed_recalibrated,recalibrated_compressed,-1.08209264278,0.000592417061611,0.97268907563,1.00216450216,0.983193277311,True
lfw,adaface-4df25b75e065b0b9ed43,20260811-R001-c2e11ab2,pq,pq_512_m16_b8,pq_adc_exhaustive,0.2,origin,origin_calibrated,0.427400618792,0.000592417061611,0.970588235294,1,0.985294117647,True
lfw,adaface-4df25b75e065b0b9ed43,20260811-R001-c2e11ab2,pq,pq_512_m16_b8,pq_adc_exhaustive,0.2,compressed_recalibrated,recalibrated_compressed,-1.08209264278,0.000592417061611,0.97268907563,1.00216450216,0.983193277311,True
lfw,adaface-4df25b75e065b0b9ed43,20260811-R001-c2e11ab2,pq,pq_512_m16_b8,pq_adc_exhaustive,0.3,origin,origin_calibrated,0.427400618792,0.000592417061611,0.970588235294,1,0.985294117647,True
lfw,adaface-4df25b75e065b0b9ed43,20260811-R001-c2e11ab2,pq,pq_512_m16_b8,pq_adc_exhaustive,0.3,compressed_recalibrated,recalibrated_compressed,-1.08209264278,0.000592417061611,0.97268907563,1.00216450216,0.983193277311,True
lfw,adaface-4df25b75e065b0b9ed43,20260811-R001-c2e11ab2,pq,pq_512_m16_b8,pq_reconstruction_cosine,0.01,origin,origin_calibrated,0.427400618792,0.000592417061611,0.970588235294,1,0.985294117647,True
lfw,adaface-4df25b75e065b0b9ed43,20260811-R001-c2e11ab2,pq,pq_512_m16_b8,pq_reconstruction_cosine,0.01,compressed_frozen_threshold,frozen_origin,0.427400618792,0,0.241596638655,0.248917748918,0.978991596639,True
lfw,adaface-4df25b75e065b0b9ed43,20260811-R001-c2e11ab2,pq,pq_512_m16_b8,pq_reconstruction_cosine,0.01,compressed_recalibrated,recalibrated_compressed,0.198921740055,0.0177725118483,0.899159663866,0.926406926407,0.978991596639,False
lfw,adaface-4df25b75e065b0b9ed43,20260811-R001-c2e11ab2,pq,pq_512_m16_b8,pq_reconstruction_cosine,0.05,origin,origin_calibrated,0.427400618792,0.000592417061611,0.970588235294,1,0.985294117647,True
lfw,adaface-4df25b75e065b0b9ed43,20260811-R001-c2e11ab2,pq,pq_512_m16_b8,pq_reconstruction_cosine,0.05,compressed_frozen_threshold,frozen_origin,0.427400618792,0,0.241596638655,0.248917748918,0.978991596639,True
lfw,adaface-4df25b75e065b0b9ed43,20260811-R001-c2e11ab2,pq,pq_512_m16_b8,pq_reconstruction_cosine,0.05,compressed_recalibrated,recalibrated_compressed,0.187438488007,0.029028436019,0.905462184874,0.9329004329,0.978991596639,True
lfw,adaface-4df25b75e065b0b9ed43,20260811-R001-c2e11ab2,pq,pq_512_m16_b8,pq_reconstruction_cosine,0.1,origin,origin_calibrated,0.427400618792,0.000592417061611,0.970588235294,1,0.985294117647,True
lfw,adaface-4df25b75e065b0b9ed43,20260811-R001-c2e11ab2,pq,pq_512_m16_b8,pq_reconstruction_cosine,0.1,compressed_frozen_threshold,frozen_origin,0.427400618792,0,0.241596638655,0.248917748918,0.978991596639,True
lfw,adaface-4df25b75e065b0b9ed43,20260811-R001-c2e11ab2,pq,pq_512_m16_b8,pq_reconstruction_cosine,0.1,compressed_recalibrated,recalibrated_compressed,0.187438488007,0.029028436019,0.905462184874,0.9329004329,0.978991596639,True
lfw,adaface-4df25b75e065b0b9ed43,20260811-R001-c2e11ab2,pq,pq_512_m16_b8,pq_reconstruction_cosine,0.2,origin,origin_calibrated,0.427400618792,0.000592417061611,0.970588235294,1,0.985294117647,True
lfw,adaface-4df25b75e065b0b9ed43,20260811-R001-c2e11ab2,pq,pq_512_m16_b8,pq_reconstruction_cosine,0.2,compressed_frozen_threshold,frozen_origin,0.427400618792,0,0.241596638655,0.248917748918,0.978991596639,True
lfw,adaface-4df25b75e065b0b9ed43,20260811-R001-c2e11ab2,pq,pq_512_m16_b8,pq_reconstruction_cosine,0.2,compressed_recalibrated,recalibrated_compressed,0.142574071884,0.26836492891,0.943277310924,0.971861471861,0.978991596639,False
lfw,adaface-4df25b75e065b0b9ed43,20260811-R001-c2e11ab2,pq,pq_512_m16_b8,pq_reconstruction_cosine,0.3,origin,origin_calibrated,0.427400618792,0.000592417061611,0.970588235294,1,0.985294117647,True
lfw,adaface-4df25b75e065b0b9ed43,20260811-R001-c2e11ab2,pq,pq_512_m16_b8,pq_reconstruction_cosine,0.3,compressed_frozen_threshold,frozen_origin,0.427400618792,0,0.241596638655,0.248917748918,0.978991596639,True
lfw,adaface-4df25b75e065b0b9ed43,20260811-R001-c2e11ab2,pq,pq_512_m16_b8,pq_reconstruction_cosine,0.3,compressed_recalibrated,recalibrated_compressed,0.125681370497,0.482819905213,0.957983193277,0.987012987013,0.978991596639,False
lfw,adaface-4df25b75e065b0b9ed43,20260811-R001-c2e11ab2,pq,pq_512_m32_b8,pq_adc_exhaustive,0.01,origin,origin_calibrated,0.427400618792,0.000592417061611,0.970588235294,1,0.985294117647,True
lfw,adaface-4df25b75e065b0b9ed43,20260811-R001-c2e11ab2,pq,pq_512_m32_b8,pq_adc_exhaustive,0.01,compressed_recalibrated,recalibrated_compressed,-1.09767687321,0.000592417061611,0.970588235294,1,0.989495798319,True
lfw,adaface-4df25b75e065b0b9ed43,20260811-R001-c2e11ab2,pq,pq_512_m32_b8,pq_adc_exhaustive,0.05,origin,origin_calibrated,0.427400618792,0.000592417061611,0.970588235294,1,0.985294117647,True
lfw,adaface-4df25b75e065b0b9ed43,20260811-R001-c2e11ab2,pq,pq_512_m32_b8,pq_adc_exhaustive,0.05,compressed_recalibrated,recalibrated_compressed,-1.09767687321,0.000592417061611,0.970588235294,1,0.989495798319,True
lfw,adaface-4df25b75e065b0b9ed43,20260811-R001-c2e11ab2,pq,pq_512_m32_b8,pq_adc_exhaustive,0.1,origin,origin_calibrated,0.427400618792,0.000592417061611,0.970588235294,1,0.985294117647,True
lfw,adaface-4df25b75e065b0b9ed43,20260811-R001-c2e11ab2,pq,pq_512_m32_b8,pq_adc_exhaustive,0.1,compressed_recalibrated,recalibrated_compressed,-1.09767687321,0.000592417061611,0.970588235294,1,0.989495798319,True
lfw,adaface-4df25b75e065b0b9ed43,20260811-R001-c2e11ab2,pq,pq_512_m32_b8,pq_adc_exhaustive,0.2,origin,origin_calibrated,0.427400618792,0.000592417061611,0.970588235294,1,0.985294117647,True
lfw,adaface-4df25b75e065b0b9ed43,20260811-R001-c2e11ab2,pq,pq_512_m32_b8,pq_adc_exhaustive,0.2,compressed_recalibrated,recalibrated_compressed,-1.09767687321,0.000592417061611,0.970588235294,1,0.989495798319,True
lfw,adaface-4df25b75e065b0b9ed43,20260811-R001-c2e11ab2,pq,pq_512_m32_b8,pq_adc_exhaustive,0.3,origin,origin_calibrated,0.427400618792,0.000592417061611,0.970588235294,1,0.985294117647,True
lfw,adaface-4df25b75e065b0b9ed43,20260811-R001-c2e11ab2,pq,pq_512_m32_b8,pq_adc_exhaustive,0.3,compressed_recalibrated,recalibrated_compressed,-1.09767687321,0.000592417061611,0.970588235294,1,0.989495798319,True
lfw,adaface-4df25b75e065b0b9ed43,20260811-R001-c2e11ab2,pq,pq_512_m32_b8,pq_reconstruction_cosine,0.01,origin,origin_calibrated,0.427400618792,0.000592417061611,0.970588235294,1,0.985294117647,True
lfw,adaface-4df25b75e065b0b9ed43,20260811-R001-c2e11ab2,pq,pq_512_m32_b8,pq_reconstruction_cosine,0.01,compressed_frozen_threshold,frozen_origin,0.427400618792,0.000592417061611,0.523109243697,0.538961038961,0.985294117647,True
lfw,adaface-4df25b75e065b0b9ed43,20260811-R001-c2e11ab2,pq,pq_512_m32_b8,pq_reconstruction_cosine,0.01,compressed_recalibrated,recalibrated_compressed,0.179050415754,0.0154028436019,0.970588235294,1,0.985294117647,False
lfw,adaface-4df25b75e065b0b9ed43,20260811-R001-c2e11ab2,pq,pq_512_m32_b8,pq_reconstruction_cosine,0.05,origin,origin_calibrated,0.427400618792,0.000592417061611,0.970588235294,1,0.985294117647,True
lfw,adaface-4df25b75e065b0b9ed43,20260811-R001-c2e11ab2,pq,pq_512_m32_b8,pq_reconstruction_cosine,0.05,compressed_frozen_threshold,frozen_origin,0.427400618792,0.000592417061611,0.523109243697,0.538961038961,0.985294117647,True
lfw,adaface-4df25b75e065b0b9ed43,20260811-R001-c2e11ab2,pq,pq_512_m32_b8,pq_reconstruction_cosine,0.05,compressed_recalibrated,recalibrated_compressed,0.179050415754,0.0154028436019,0.970588235294,1,0.985294117647,True
lfw,adaface-4df25b75e065b0b9ed43,20260811-R001-c2e11ab2,pq,pq_512_m32_b8,pq_reconstruction_cosine,0.1,origin,origin_calibrated,0.427400618792,0.000592417061611,0.970588235294,1,0.985294117647,True
lfw,adaface-4df25b75e065b0b9ed43,20260811-R001-c2e11ab2,pq,pq_512_m32_b8,pq_reconstruction_cosine,0.1,compressed_frozen_threshold,frozen_origin,0.427400618792,0.000592417061611,0.523109243697,0.538961038961,0.985294117647,True
lfw,adaface-4df25b75e065b0b9ed43,20260811-R001-c2e11ab2,pq,pq_512_m32_b8,pq_reconstruction_cosine,0.1,compressed_recalibrated,recalibrated_compressed,0.179050415754,0.0154028436019,0.970588235294,1,0.985294117647,True
lfw,adaface-4df25b75e065b0b9ed43,20260811-R001-c2e11ab2,pq,pq_512_m32_b8,pq_reconstruction_cosine,0.2,origin,origin_calibrated,0.427400618792,0.000592417061611,0.970588235294,1,0.985294117647,True
lfw,adaface-4df25b75e065b0b9ed43,20260811-R001-c2e11ab2,pq,pq_512_m32_b8,pq_reconstruction_cosine,0.2,compressed_frozen_threshold,frozen_origin,0.427400618792,0.000592417061611,0.523109243697,0.538961038961,0.985294117647,True
lfw,adaface-4df25b75e065b0b9ed43,20260811-R001-c2e11ab2,pq,pq_512_m32_b8,pq_reconstruction_cosine,0.2,compressed_recalibrated,recalibrated_compressed,0.179050415754,0.0154028436019,0.970588235294,1,0.985294117647,True
lfw,adaface-4df25b75e065b0b9ed43,20260811-R001-c2e11ab2,pq,pq_512_m32_b8,pq_reconstruction_cosine,0.3,origin,origin_calibrated,0.427400618792,0.000592417061611,0.970588235294,1,0.985294117647,True
lfw,adaface-4df25b75e065b0b9ed43,20260811-R001-c2e11ab2,pq,pq_512_m32_b8,pq_reconstruction_cosine,0.3,compressed_frozen_threshold,frozen_origin,0.427400618792,0.000592417061611,0.523109243697,0.538961038961,0.985294117647,True
lfw,adaface-4df25b75e065b0b9ed43,20260811-R001-c2e11ab2,pq,pq_512_m32_b8,pq_reconstruction_cosine,0.3,compressed_recalibrated,recalibrated_compressed,0.179050415754,0.0154028436019,0.970588235294,1,0.985294117647,True
lfw,adaface-4df25b75e065b0b9ed43,20260811-R001-c2e11ab2,pq,pq_512_m64_b8,pq_adc_exhaustive,0.01,origin,origin_calibrated,0.427400618792,0.000592417061611,0.970588235294,1,0.985294117647,True
lfw,adaface-4df25b75e065b0b9ed43,20260811-R001-c2e11ab2,pq,pq_512_m64_b8,pq_adc_exhaustive,0.01,compressed_recalibrated,recalibrated_compressed,-1.08227789402,0.000592417061611,0.970588235294,1,0.985294117647,True
lfw,adaface-4df25b75e065b0b9ed43,20260811-R001-c2e11ab2,pq,pq_512_m64_b8,pq_adc_exhaustive,0.05,origin,origin_calibrated,0.427400618792,0.000592417061611,0.970588235294,1,0.985294117647,True
lfw,adaface-4df25b75e065b0b9ed43,20260811-R001-c2e11ab2,pq,pq_512_m64_b8,pq_adc_exhaustive,0.05,compressed_recalibrated,recalibrated_compressed,-1.08227789402,0.000592417061611,0.970588235294,1,0.985294117647,True
lfw,adaface-4df25b75e065b0b9ed43,20260811-R001-c2e11ab2,pq,pq_512_m64_b8,pq_adc_exhaustive,0.1,origin,origin_calibrated,0.427400618792,0.000592417061611,0.970588235294,1,0.985294117647,True
lfw,adaface-4df25b75e065b0b9ed43,20260811-R001-c2e11ab2,pq,pq_512_m64_b8,pq_adc_exhaustive,0.1,compressed_recalibrated,recalibrated_compressed,-1.08227789402,0.000592417061611,0.970588235294,1,0.985294117647,True
lfw,adaface-4df25b75e065b0b9ed43,20260811-R001-c2e11ab2,pq,pq_512_m64_b8,pq_adc_exhaustive,0.2,origin,origin_calibrated,0.427400618792,0.000592417061611,0.970588235294,1,0.985294117647,True
lfw,adaface-4df25b75e065b0b9ed43,20260811-R001-c2e11ab2,pq,pq_512_m64_b8,pq_adc_exhaustive,0.2,compressed_recalibrated,recalibrated_compressed,-1.08227789402,0.000592417061611,0.970588235294,1,0.985294117647,True
lfw,adaface-4df25b75e065b0b9ed43,20260811-R001-c2e11ab2,pq,pq_512_m64_b8,pq_adc_exhaustive,0.3,origin,origin_calibrated,0.427400618792,0.000592417061611,0.970588235294,1,0.985294117647,True
lfw,adaface-4df25b75e065b0b9ed43,20260811-R001-c2e11ab2,pq,pq_512_m64_b8,pq_adc_exhaustive,0.3,compressed_recalibrated,recalibrated_compressed,-1.08227789402,0.000592417061611,0.970588235294,1,0.985294117647,True
lfw,adaface-4df25b75e065b0b9ed43,20260811-R001-c2e11ab2,pq,pq_512_m64_b8,pq_reconstruction_cosine,0.01,origin,origin_calibrated,0.427400618792,0.000592417061611,0.970588235294,1,0.985294117647,True
lfw,adaface-4df25b75e065b0b9ed43,20260811-R001-c2e11ab2,pq,pq_512_m64_b8,pq_reconstruction_cosine,0.01,compressed_frozen_threshold,frozen_origin,0.427400618792,0.000592417061611,0.949579831933,0.978354978355,0.983193277311,True
lfw,adaface-4df25b75e065b0b9ed43,20260811-R001-c2e11ab2,pq,pq_512_m64_b8,pq_reconstruction_cosine,0.01,compressed_recalibrated,recalibrated_compressed,0.288300037384,0.000592417061611,0.970588235294,1,0.983193277311,True
lfw,adaface-4df25b75e065b0b9ed43,20260811-R001-c2e11ab2,pq,pq_512_m64_b8,pq_reconstruction_cosine,0.05,origin,origin_calibrated,0.427400618792,0.000592417061611,0.970588235294,1,0.985294117647,True
lfw,adaface-4df25b75e065b0b9ed43,20260811-R001-c2e11ab2,pq,pq_512_m64_b8,pq_reconstruction_cosine,0.05,compressed_frozen_threshold,frozen_origin,0.427400618792,0.000592417061611,0.949579831933,0.978354978355,0.983193277311,True
lfw,adaface-4df25b75e065b0b9ed43,20260811-R001-c2e11ab2,pq,pq_512_m64_b8,pq_reconstruction_cosine,0.05,compressed_recalibrated,recalibrated_compressed,0.288300037384,0.000592417061611,0.970588235294,1,0.983193277311,True
lfw,adaface-4df25b75e065b0b9ed43,20260811-R001-c2e11ab2,pq,pq_512_m64_b8,pq_reconstruction_cosine,0.1,origin,origin_calibrated,0.427400618792,0.000592417061611,0.970588235294,1,0.985294117647,True
lfw,adaface-4df25b75e065b0b9ed43,20260811-R001-c2e11ab2,pq,pq_512_m64_b8,pq_reconstruction_cosine,0.1,compressed_frozen_threshold,frozen_origin,0.427400618792,0.000592417061611,0.949579831933,0.978354978355,0.983193277311,True
lfw,adaface-4df25b75e065b0b9ed43,20260811-R001-c2e11ab2,pq,pq_512_m64_b8,pq_reconstruction_cosine,0.1,compressed_recalibrated,recalibrated_compressed,0.288300037384,0.000592417061611,0.970588235294,1,0.983193277311,True
lfw,adaface-4df25b75e065b0b9ed43,20260811-R001-c2e11ab2,pq,pq_512_m64_b8,pq_reconstruction_cosine,0.2,origin,origin_calibrated,0.427400618792,0.000592417061611,0.970588235294,1,0.985294117647,True
lfw,adaface-4df25b75e065b0b9ed43,20260811-R001-c2e11ab2,pq,pq_512_m64_b8,pq_reconstruction_cosine,0.2,compressed_frozen_threshold,frozen_origin,0.427400618792,0.000592417061611,0.949579831933,0.978354978355,0.983193277311,True
lfw,adaface-4df25b75e065b0b9ed43,20260811-R001-c2e11ab2,pq,pq_512_m64_b8,pq_reconstruction_cosine,0.2,compressed_recalibrated,recalibrated_compressed,0.288300037384,0.000592417061611,0.970588235294,1,0.983193277311,True
lfw,adaface-4df25b75e065b0b9ed43,20260811-R001-c2e11ab2,pq,pq_512_m64_b8,pq_reconstruction_cosine,0.3,origin,origin_calibrated,0.427400618792,0.000592417061611,0.970588235294,1,0.985294117647,True
lfw,adaface-4df25b75e065b0b9ed43,20260811-R001-c2e11ab2,pq,pq_512_m64_b8,pq_reconstruction_cosine,0.3,compressed_frozen_threshold,frozen_origin,0.427400618792,0.000592417061611,0.949579831933,0.978354978355,0.983193277311,True
lfw,adaface-4df25b75e065b0b9ed43,20260811-R001-c2e11ab2,pq,pq_512_m64_b8,pq_reconstruction_cosine,0.3,compressed_recalibrated,recalibrated_compressed,0.288300037384,0.000592417061611,0.970588235294,1,0.983193277311,True
lfw,adaface-4df25b75e065b0b9ed43,20260811-R001-c2e11ab2,pq,pq_512_m8_b8,pq_adc_exhaustive,0.01,origin,origin_calibrated,0.427400618792,0.000592417061611,0.970588235294,1,0.985294117647,True
lfw,adaface-4df25b75e065b0b9ed43,20260811-R001-c2e11ab2,pq,pq_512_m8_b8,pq_adc_exhaustive,0.01,compressed_recalibrated,recalibrated_compressed,-1.06131887436,0.0432464454976,0.966386554622,0.995670995671,0.987394957983,False
lfw,adaface-4df25b75e065b0b9ed43,20260811-R001-c2e11ab2,pq,pq_512_m8_b8,pq_adc_exhaustive,0.05,origin,origin_calibrated,0.427400618792,0.000592417061611,0.970588235294,1,0.985294117647,True
lfw,adaface-4df25b75e065b0b9ed43,20260811-R001-c2e11ab2,pq,pq_512_m8_b8,pq_adc_exhaustive,0.05,compressed_recalibrated,recalibrated_compressed,-1.090290308,0.270142180095,0.970588235294,1,0.987394957983,False
lfw,adaface-4df25b75e065b0b9ed43,20260811-R001-c2e11ab2,pq,pq_512_m8_b8,pq_adc_exhaustive,0.1,origin,origin_calibrated,0.427400618792,0.000592417061611,0.970588235294,1,0.985294117647,True
lfw,adaface-4df25b75e065b0b9ed43,20260811-R001-c2e11ab2,pq,pq_512_m8_b8,pq_adc_exhaustive,0.1,compressed_recalibrated,recalibrated_compressed,-1.090290308,0.270142180095,0.970588235294,1,0.987394957983,False
lfw,adaface-4df25b75e065b0b9ed43,20260811-R001-c2e11ab2,pq,pq_512_m8_b8,pq_adc_exhaustive,0.2,origin,origin_calibrated,0.427400618792,0.000592417061611,0.970588235294,1,0.985294117647,True
lfw,adaface-4df25b75e065b0b9ed43,20260811-R001-c2e11ab2,pq,pq_512_m8_b8,pq_adc_exhaustive,0.2,compressed_recalibrated,recalibrated_compressed,-1.090290308,0.270142180095,0.970588235294,1,0.987394957983,False
lfw,adaface-4df25b75e065b0b9ed43,20260811-R001-c2e11ab2,pq,pq_512_m8_b8,pq_adc_exhaustive,0.3,origin,origin_calibrated,0.427400618792,0.000592417061611,0.970588235294,1,0.985294117647,True
lfw,adaface-4df25b75e065b0b9ed43,20260811-R001-c2e11ab2,pq,pq_512_m8_b8,pq_adc_exhaustive,0.3,compressed_recalibrated,recalibrated_compressed,-1.090290308,0.270142180095,0.970588235294,1,0.987394957983,True
lfw,adaface-4df25b75e065b0b9ed43,20260811-R001-c2e11ab2,pq,pq_512_m8_b8,pq_reconstruction_cosine,0.01,origin,origin_calibrated,0.427400618792,0.000592417061611,0.970588235294,1,0.985294117647,True
lfw,adaface-4df25b75e065b0b9ed43,20260811-R001-c2e11ab2,pq,pq_512_m8_b8,pq_reconstruction_cosine,0.01,compressed_frozen_threshold,frozen_origin,0.427400618792,0.000592417061611,0.313025210084,0.322510822511,0.985294117647,True
lfw,adaface-4df25b75e065b0b9ed43,20260811-R001-c2e11ab2,pq,pq_512_m8_b8,pq_reconstruction_cosine,0.01,compressed_recalibrated,recalibrated_compressed,0.266833424568,0.0444312796209,0.676470588235,0.69696969697,0.985294117647,False
lfw,adaface-4df25b75e065b0b9ed43,20260811-R001-c2e11ab2,pq,pq_512_m8_b8,pq_reconstruction_cosine,0.05,origin,origin_calibrated,0.427400618792,0.000592417061611,0.970588235294,1,0.985294117647,True
lfw,adaface-4df25b75e065b0b9ed43,20260811-R001-c2e11ab2,pq,pq_512_m8_b8,pq_reconstruction_cosine,0.05,compressed_frozen_threshold,frozen_origin,0.427400618792,0.000592417061611,0.313025210084,0.322510822511,0.985294117647,True
lfw,adaface-4df25b75e065b0b9ed43,20260811-R001-c2e11ab2,pq,pq_512_m8_b8,pq_reconstruction_cosine,0.05,compressed_recalibrated,recalibrated_compressed,0.212872982025,0.156398104265,0.766806722689,0.790043290043,0.985294117647,False
lfw,adaface-4df25b75e065b0b9ed43,20260811-R001-c2e11ab2,pq,pq_512_m8_b8,pq_reconstruction_cosine,0.1,origin,origin_calibrated,0.427400618792,0.000592417061611,0.970588235294,1,0.985294117647,True
lfw,adaface-4df25b75e065b0b9ed43,20260811-R001-c2e11ab2,pq,pq_512_m8_b8,pq_reconstruction_cosine,0.1,compressed_frozen_threshold,frozen_origin,0.427400618792,0.000592417061611,0.313025210084,0.322510822511,0.985294117647,True
lfw,adaface-4df25b75e065b0b9ed43,20260811-R001-c2e11ab2,pq,pq_512_m8_b8,pq_reconstruction_cosine,0.1,compressed_recalibrated,recalibrated_compressed,0.19703169167,0.242298578199,0.794117647059,0.818181818182,0.985294117647,False
lfw,adaface-4df25b75e065b0b9ed43,20260811-R001-c2e11ab2,pq,pq_512_m8_b8,pq_reconstruction_cosine,0.2,origin,origin_calibrated,0.427400618792,0.000592417061611,0.970588235294,1,0.985294117647,True
lfw,adaface-4df25b75e065b0b9ed43,20260811-R001-c2e11ab2,pq,pq_512_m8_b8,pq_reconstruction_cosine,0.2,compressed_frozen_threshold,frozen_origin,0.427400618792,0.000592417061611,0.313025210084,0.322510822511,0.985294117647,True
lfw,adaface-4df25b75e065b0b9ed43,20260811-R001-c2e11ab2,pq,pq_512_m8_b8,pq_reconstruction_cosine,0.2,compressed_recalibrated,recalibrated_compressed,0.182119041681,0.340047393365,0.810924369748,0.835497835498,0.985294117647,False
lfw,adaface-4df25b75e065b0b9ed43,20260811-R001-c2e11ab2,pq,pq_512_m8_b8,pq_reconstruction_cosine,0.3,origin,origin_calibrated,0.427400618792,0.000592417061611,0.970588235294,1,0.985294117647,True
lfw,adaface-4df25b75e065b0b9ed43,20260811-R001-c2e11ab2,pq,pq_512_m8_b8,pq_reconstruction_cosine,0.3,compressed_frozen_threshold,frozen_origin,0.427400618792,0.000592417061611,0.313025210084,0.322510822511,0.985294117647,True
lfw,adaface-4df25b75e065b0b9ed43,20260811-R001-c2e11ab2,pq,pq_512_m8_b8,pq_reconstruction_cosine,0.3,compressed_recalibrated,recalibrated_compressed,0.145301789045,0.659360189573,0.878151260504,0.904761904762,0.985294117647,False
